episode,mean,min,max,n_runs
1,0.0,0.0,0.0,20
2,0.0,0.0,0.0,20
3,0.0,0.0,0.0,20
4,0.0,0.0,0.0,20
5,0.0,0.0,0.0,20
6,0.0,0.0,0.0,20
7,0.0,0.0,0.0,20
8,0.0,0.0,0.0,20
9,0.0,0.0,0.0,20
10,0.0,0.0,0.0,20
11,0.0,0.0,0.0,20
12,0.0,0.0,0.0,20
13,0.0,0.0,0.0,20
14,0.0,0.0,0.0,20
15,0.0,0.0,0.0,20
16,0.0,0.0,0.0,20
17,0.0,0.0,0.0,20
18,0.0,0.0,0.0,20
19,0.0,0.0,0.0,20
20,0.0,0.0,0.0,20
21,0.0,0.0,0.0,20
22,0.0,0.0,0.0,20
23,0.0,0.0,0.0,20
24,0.0,0.0,0.0,20
25,0.0,0.0,0.0,20
26,0.0,0.0,0.0,20
27,0.0,0.0,0.0,20
28,0.0,0.0,0.0,20
29,0.0,0.0,0.0,20
30,0.0,0.0,0.0,20
31,0.0,0.0,0.0,20
32,0.0,0.0,0.0,20
33,0.0,0.0,0.0,20
34,0.001470588235294115,0.0,0.0294117647058823,20
35,0.001428571428571425,0.0,0.0285714285714285,20
36,0.00277777777777777,0.0,0.0277777777777777,20
37,0.0027027027027027003,0.0,0.027027027027027,20
38,0.0026315789473684197,0.0,0.0263157894736842,20
39,0.0025641025641025598,0.0,0.0256410256410256,20
40,0.0025,0.0,0.025,20
41,0.0024390243902439003,0.0,0.024390243902439,20
42,0.0023809523809523803,0.0,0.0238095238095238,20
43,0.00232558139534883,0.0,0.0232558139534883,20
44,0.00227272727272727,0.0,0.0227272727272727,20
45,0.00222222222222222,0.0,0.0222222222222222,20
46,0.00217391304347826,0.0,0.0217391304347826,20
47,0.00212765957446808,0.0,0.0212765957446808,20
48,0.0020833333333333303,0.0,0.0208333333333333,20
49,0.00204081632653061,0.0,0.0204081632653061,20
50,0.002,0.0,0.02,20
51,0.00196078431372549,0.0,0.0196078431372549,20
52,0.0019230769230769201,0.0,0.0192307692307692,20
53,0.00188679245283018,0.0,0.0188679245283018,20
54,0.00185185185185185,0.0,0.0185185185185185,20
55,0.002727272727272715,0.0,0.0181818181818181,20
56,0.003571428571428565,0.0,0.0357142857142857,20
57,0.0043859649122807,0.0,0.0526315789473684,20
58,0.005172413793103445,0.0,0.0689655172413793,20
59,0.006779661016949141,0.0,0.0847457627118644,20
60,0.006666666666666656,0.0,0.0833333333333333,20
61,0.00655737704918032,0.0,0.081967213114754,20
62,0.007258064516129025,0.0,0.0806451612903225,20
63,0.00793650793650792,0.0,0.0793650793650793,20
64,0.0078125,0.0,0.078125,20
65,0.0076923076923076745,0.0,0.0769230769230769,20
66,0.009090909090909082,0.0,0.0909090909090909,20
67,0.00970149253731342,0.0,0.0895522388059701,20
68,0.009558823529411748,0.0,0.088235294117647,20
69,0.00942028985507246,0.0,0.0869565217391304,20
70,0.00928571428571427,0.0,0.0857142857142857,20
71,0.009859154929577455,0.0,0.0845070422535211,20
72,0.01111111111111109,0.0,0.0833333333333333,20
73,0.012328767123287671,0.0,0.0821917808219178,20
74,0.0135135135135135,0.0,0.081081081081081,20
75,0.013333333333333319,0.0,0.08,20
76,0.014473684210526309,0.0,0.0789473684210526,20
77,0.01428571428571426,0.0,0.0779220779220779,20
78,0.014102564102564094,0.0,0.0769230769230769,20
79,0.015189873417721506,0.0,0.0759493670886076,20
80,0.015000000000000003,0.0,0.075,20
81,0.014814814814814784,0.0,0.074074074074074,20
82,0.015243902439024376,0.0,0.0853658536585365,20
83,0.015060240963855406,0.0,0.0843373493975903,20
84,0.014880952380952375,0.0,0.0833333333333333,20
85,0.01470588235294116,0.0,0.0823529411764705,20
86,0.01511627906976742,0.0,0.0813953488372093,20
87,0.01609195402298849,0.0,0.0804597701149425,20
88,0.01818181818181816,0.0,0.0909090909090909,20
89,0.020224719101123573,0.0,0.1011235955056179,20
90,0.02055555555555554,0.0,0.1,20
91,0.0214285714285714,0.0,0.1098901098901098,20
92,0.022282608695652163,0.0,0.108695652173913,20
93,0.022580645161290304,0.0,0.1182795698924731,20
94,0.022340425531914877,0.0,0.1170212765957446,20
95,0.0226315789473684,0.0,0.1263157894736842,20
96,0.023437499999999986,0.0,0.125,20
97,0.02371134020618555,0.0,0.134020618556701,20
98,0.023469387755102024,0.0,0.1326530612244898,20
99,0.02373737373737373,0.0,0.1313131313131313,20
100,0.024,0.0,0.14,20
101,0.026500000000000003,0.0,0.14,20
102,0.028000000000000004,0.0,0.14,20
103,0.030000000000000006,0.0,0.15,20
104,0.0315,0.0,0.15,20
105,0.0335,0.0,0.16,20
106,0.035,0.0,0.17,20
107,0.037,0.0,0.18,20
108,0.038,0.0,0.19,20
109,0.0385,0.0,0.19,20
110,0.0385,0.0,0.19,20
111,0.0385,0.0,0.19,20
112,0.04,0.0,0.2,20
113,0.041,0.0,0.21,20
114,0.0415,0.0,0.21,20
115,0.043000000000000003,0.0,0.22,20
116,0.043000000000000003,0.0,0.22,20
117,0.0435,0.0,0.22,20
118,0.0445,0.0,0.22,20
119,0.0455,0.0,0.22,20
120,0.046,0.0,0.22,20
121,0.0465,0.0,0.22,20
122,0.047,0.0,0.22,20
123,0.0475,0.0,0.22,20
124,0.048,0.0,0.22,20
125,0.049,0.0,0.22,20
126,0.0505,0.0,0.23,20
127,0.051500000000000004,0.0,0.24,20
128,0.052500000000000005,0.0,0.25,20
129,0.053500000000000006,0.0,0.25,20
130,0.054000000000000006,0.0,0.25,20
131,0.05600000000000001,0.0,0.26,20
132,0.057999999999999996,0.0,0.26,20
133,0.05950000000000001,0.0,0.27,20
134,0.061,0.0,0.28,20
135,0.0625,0.0,0.29,20
136,0.0635,0.0,0.3,20
137,0.065,0.0,0.31,20
138,0.0665,0.0,0.32,20
139,0.0675,0.0,0.33,20
140,0.0685,0.0,0.34,20
141,0.06999999999999999,0.0,0.35,20
142,0.071,0.0,0.36,20
143,0.07200000000000001,0.0,0.37,20
144,0.073,0.0,0.37,20
145,0.07500000000000001,0.0,0.38,20
146,0.07500000000000001,0.0,0.38,20
147,0.077,0.0,0.38,20
148,0.07750000000000001,0.0,0.38,20
149,0.0795,0.0,0.39,20
150,0.0805,0.0,0.39,20
151,0.08200000000000002,0.0,0.39,20
152,0.0835,0.0,0.4,20
153,0.0855,0.0,0.41,20
154,0.088,0.0,0.41,20
155,0.08950000000000001,0.0,0.42,20
156,0.091,0.0,0.43,20
157,0.09250000000000001,0.0,0.44,20
158,0.093,0.0,0.44,20
159,0.094,0.0,0.44,20
160,0.096,0.0,0.45,20
161,0.0975,0.0,0.46,20
162,0.0995,0.0,0.46,20
163,0.101,0.0,0.47,20
164,0.1025,0.0,0.47,20
165,0.1045,0.0,0.48,20
166,0.10600000000000001,0.0,0.48,20
167,0.1075,0.0,0.49,20
168,0.1105,0.0,0.5,20
169,0.11300000000000002,0.0,0.51,20
170,0.11500000000000002,0.0,0.52,20
171,0.1165,0.0,0.53,20
172,0.11750000000000001,0.0,0.53,20
173,0.11950000000000001,0.0,0.53,20
174,0.12000000000000002,0.0,0.54,20
175,0.12200000000000003,0.0,0.55,20
176,0.12250000000000001,0.0,0.56,20
177,0.125,0.0,0.57,20
178,0.1265,0.0,0.58,20
179,0.12800000000000003,0.0,0.59,20
180,0.13,0.0,0.59,20
181,0.132,0.0,0.6,20
182,0.13349999999999998,0.0,0.61,20
183,0.13599999999999998,0.0,0.62,20
184,0.13849999999999998,0.0,0.63,20
185,0.14049999999999999,0.0,0.64,20
186,0.1425,0.0,0.65,20
187,0.144,0.0,0.66,20
188,0.145,0.0,0.67,20
189,0.1455,0.0,0.68,20
190,0.14699999999999996,0.0,0.69,20
191,0.1485,0.0,0.7,20
192,0.15,0.0,0.71,20
193,0.15249999999999997,0.0,0.72,20
194,0.1555,0.0,0.73,20
195,0.1575,0.0,0.74,20
196,0.1585,0.0,0.75,20
197,0.1595,0.0,0.76,20
198,0.1615,0.0,0.77,20
199,0.16249999999999998,0.0,0.78,20
200,0.164,0.0,0.79,20
201,0.164,0.0,0.79,20
202,0.16549999999999998,0.0,0.79,20
203,0.1665,0.0,0.79,20
204,0.16699999999999998,0.0,0.79,20
205,0.16799999999999998,0.0,0.79,20
206,0.1695,0.0,0.79,20
207,0.1705,0.0,0.79,20
208,0.17099999999999999,0.0,0.79,20
209,0.173,0.0,0.79,20
210,0.176,0.0,0.8,20
211,0.179,0.0,0.81,20
212,0.17999999999999997,0.0,0.81,20
213,0.18249999999999997,0.0,0.82,20
214,0.18449999999999997,0.0,0.82,20
215,0.18549999999999997,0.0,0.82,20
216,0.189,0.0,0.83,20
217,0.191,0.0,0.83,20
218,0.19299999999999998,0.0,0.83,20
219,0.19449999999999998,0.0,0.83,20
220,0.19699999999999998,0.0,0.83,20
221,0.1995,0.0,0.83,20
222,0.20249999999999999,0.0,0.84,20
223,0.20500000000000002,0.0,0.85,20
224,0.207,0.0,0.86,20
225,0.20950000000000002,0.0,0.87,20
226,0.21150000000000002,0.0,0.87,20
227,0.213,0.0,0.87,20
228,0.2145,0.0,0.87,20
229,0.21649999999999997,0.0,0.88,20
230,0.219,0.0,0.89,20
231,0.22049999999999997,0.0,0.89,20
232,0.22200000000000003,0.0,0.9,20
233,0.22350000000000003,0.0,0.9,20
234,0.225,0.0,0.9,20
235,0.22599999999999998,0.0,0.9,20
236,0.22800000000000004,0.0,0.9,20
237,0.2285,0.0,0.9,20
238,0.22950000000000004,0.0,0.9,20
239,0.23149999999999998,0.0,0.9,20
240,0.2345,0.0,0.9,20
241,0.2355,0.0,0.9,20
242,0.2375,0.0,0.9,20
243,0.23900000000000002,0.0,0.9,20
244,0.24100000000000002,0.0,0.91,20
245,0.242,0.0,0.91,20
246,0.24499999999999997,0.0,0.92,20
247,0.2455,0.0,0.93,20
248,0.248,0.0,0.94,20
249,0.24899999999999997,0.0,0.94,20
250,0.251,0.0,0.95,20
251,0.253,0.0,0.96,20
252,0.255,0.0,0.96,20
253,0.25549999999999995,0.0,0.96,20
254,0.2565,0.0,0.97,20
255,0.257,0.0,0.97,20
256,0.258,0.0,0.97,20
257,0.25949999999999995,0.0,0.97,20
258,0.26149999999999995,0.0,0.98,20
259,0.263,0.0,0.98,20
260,0.265,0.0,0.98,20
261,0.26749999999999996,0.0,0.98,20
262,0.268,0.0,0.98,20
263,0.26799999999999996,0.0,0.97,20
264,0.269,0.0,0.97,20
265,0.26949999999999996,0.0,0.96,20
266,0.2715,0.0,0.96,20
267,0.2725,0.0,0.95,20
268,0.2725,0.0,0.95,20
269,0.27399999999999997,0.0,0.95,20
270,0.276,0.0,0.95,20
271,0.27749999999999997,0.0,0.95,20
272,0.279,0.0,0.95,20
273,0.27999999999999997,0.0,0.95,20
274,0.2819999999999999,0.0,0.96,20
275,0.2835,0.0,0.96,20
276,0.285,0.0,0.96,20
277,0.286,0.0,0.96,20
278,0.2875,0.0,0.96,20
279,0.288,0.0,0.96,20
280,0.289,0.0,0.96,20
281,0.2905,0.0,0.96,20
282,0.292,0.0,0.96,20
283,0.2935,0.0,0.96,20
284,0.29449999999999993,0.0,0.96,20
285,0.2965,0.0,0.96,20
286,0.29799999999999993,0.0,0.96,20
287,0.29900000000000004,0.0,0.96,20
288,0.3,0.0,0.96,20
289,0.30199999999999994,0.0,0.96,20
290,0.3045,0.0,0.96,20
291,0.3055,0.0,0.96,20
292,0.30700000000000005,0.0,0.96,20
293,0.3085,0.0,0.96,20
294,0.3095,0.0,0.96,20
295,0.31100000000000005,0.0,0.96,20
296,0.31300000000000006,0.0,0.96,20
297,0.31599999999999995,0.0,0.96,20
298,0.31849999999999995,0.0,0.96,20
299,0.3215,0.0,0.97,20
300,0.32399999999999995,0.0,0.98,20
301,0.3255,0.0,0.98,20
302,0.32599999999999996,0.0,0.98,20
303,0.32749999999999996,0.0,0.99,20
304,0.32999999999999996,0.0,1.0,20
305,0.33199999999999996,0.0,1.0,20
306,0.3335,0.0,1.0,20
307,0.3345,0.0,1.0,20
308,0.33749999999999997,0.0,1.0,20
309,0.3389999999999999,0.0,1.0,20
310,0.3405,0.0,1.0,20
311,0.34199999999999997,0.0,1.0,20
312,0.34349999999999997,0.0,1.0,20
313,0.3445,0.0,1.0,20
314,0.346,0.0,1.0,20
315,0.348,0.0,1.0,20
316,0.3485,0.0,1.0,20
317,0.3505,0.0,1.0,20
318,0.352,0.0,1.0,20
319,0.354,0.0,1.0,20
320,0.3554999999999999,0.0,1.0,20
321,0.35699999999999993,0.0,1.0,20
322,0.35799999999999993,0.0,1.0,20
323,0.3595,0.0,1.0,20
324,0.3615,0.0,1.0,20
325,0.362,0.0,1.0,20
326,0.363,0.0,1.0,20
327,0.36499999999999994,0.0,1.0,20
328,0.3675,0.0,1.0,20
329,0.36900000000000005,0.0,1.0,20
330,0.3705,0.0,1.0,20
331,0.3715,0.0,1.0,20
332,0.37249999999999994,0.0,1.0,20
333,0.3735,0.0,1.0,20
334,0.37499999999999994,0.0,1.0,20
335,0.3769999999999999,0.0,1.0,20
336,0.3779999999999999,0.0,1.0,20
337,0.38099999999999995,0.0,1.0,20
338,0.383,0.0,1.0,20
339,0.38499999999999995,0.0,1.0,20
340,0.38550000000000006,0.0,1.0,20
341,0.3875,0.0,1.0,20
342,0.38949999999999996,0.0,1.0,20
343,0.392,0.0,1.0,20
344,0.3945,0.0,1.0,20
345,0.39649999999999996,0.0,1.0,20
346,0.3985,0.0,1.0,20
347,0.40099999999999997,0.0,1.0,20
348,0.40199999999999997,0.0,1.0,20
349,0.4035,0.0,1.0,20
350,0.40549999999999997,0.0,1.0,20
351,0.4069999999999999,0.0,1.0,20
352,0.40800000000000003,0.0,1.0,20
353,0.4105,0.0,1.0,20
354,0.41200000000000003,0.0,1.0,20
355,0.4149999999999999,0.0,1.0,20
356,0.4165,0.0,1.0,20
357,0.4175,0.0,1.0,20
358,0.42000000000000004,0.0,1.0,20
359,0.42299999999999993,0.0,1.0,20
360,0.425,0.0,1.0,20
361,0.4265,0.0,1.0,20
362,0.4295,0.0,1.0,20
363,0.433,0.0,1.0,20
364,0.43599999999999994,0.0,1.0,20
365,0.4385,0.0,1.0,20
366,0.43949999999999995,0.0,1.0,20
367,0.442,0.0,1.0,20
368,0.44449999999999995,0.0,1.0,20
369,0.4455,0.0,1.0,20
370,0.44650000000000006,0.0,1.0,20
371,0.449,0.0,1.0,20
372,0.45099999999999996,0.0,1.0,20
373,0.4525,0.0,1.0,20
374,0.4545,0.0,1.0,20
375,0.45599999999999996,0.0,1.0,20
376,0.45899999999999996,0.0,1.0,20
377,0.46049999999999996,0.0,1.0,20
378,0.46299999999999997,0.0,1.0,20
379,0.4655,0.0,1.0,20
380,0.469,0.0,1.0,20
381,0.47050000000000003,0.0,1.0,20
382,0.472,0.0,1.0,20
383,0.4734999999999999,0.0,1.0,20
384,0.4749999999999999,0.0,1.0,20
385,0.4755,0.0,1.0,20
386,0.47599999999999987,0.0,1.0,20
387,0.477,0.0,1.0,20
388,0.479,0.0,1.0,20
389,0.48,0.0,1.0,20
390,0.48149999999999993,0.0,1.0,20
391,0.4845,0.0,1.0,20
392,0.487,0.0,1.0,20
393,0.4880000000000001,0.0,1.0,20
394,0.48950000000000005,0.0,1.0,20
395,0.491,0.0,1.0,20
396,0.49250000000000005,0.0,1.0,20
397,0.49300000000000005,0.0,1.0,20
398,0.49350000000000005,0.0,1.0,20
399,0.49450000000000005,0.0,1.0,20
400,0.49650000000000005,0.0,1.0,20
401,0.49749999999999994,0.0,1.0,20
402,0.5,0.0,1.0,20
403,0.501,0.0,1.0,20
404,0.502,0.0,1.0,20
405,0.5025,0.0,1.0,20
406,0.5035000000000001,0.0,1.0,20
407,0.505,0.0,1.0,20
408,0.5069999999999999,0.0,1.0,20
409,0.509,0.0,1.0,20
410,0.51,0.0,1.0,20
411,0.511,0.0,1.0,20
412,0.5125,0.0,1.0,20
413,0.5135,0.0,1.0,20
414,0.5155,0.0,1.0,20
415,0.5165,0.0,1.0,20
416,0.5189999999999999,0.0,1.0,20
417,0.5205,0.0,1.0,20
418,0.522,0.0,1.0,20
419,0.5229999999999999,0.0,1.0,20
420,0.5239999999999999,0.0,1.0,20
421,0.5249999999999999,0.0,1.0,20
422,0.5265,0.0,1.0,20
423,0.5285,0.0,1.0,20
424,0.53,0.0,1.0,20
425,0.532,0.0,1.0,20
426,0.534,0.0,1.0,20
427,0.5355000000000001,0.0,1.0,20
428,0.5360000000000001,0.0,1.0,20
429,0.538,0.0,1.0,20
430,0.5395000000000001,0.0,1.0,20
431,0.5415,0.0,1.0,20
432,0.5430000000000001,0.0,1.0,20
433,0.5455000000000001,0.0,1.0,20
434,0.548,0.0,1.0,20
435,0.5505000000000001,0.0,1.0,20
436,0.552,0.0,1.0,20
437,0.553,0.0,1.0,20
438,0.5549999999999999,0.0,1.0,20
439,0.557,0.0,1.0,20
440,0.5589999999999999,0.0,1.0,20
441,0.562,0.0,1.0,20
442,0.5645,0.0,1.0,20
443,0.5664999999999999,0.0,1.0,20
444,0.5675,0.0,1.0,20
445,0.5695,0.0,1.0,20
446,0.5720000000000002,0.0,1.0,20
447,0.5745000000000001,0.0,1.0,20
448,0.5775,0.0,1.0,20
449,0.5805,0.0,1.0,20
450,0.583,0.0,1.0,20
451,0.5855,0.0,1.0,20
452,0.5875,0.0,1.0,20
453,0.5900000000000001,0.0,1.0,20
454,0.5925,0.0,1.0,20
455,0.594,0.0,1.0,20
456,0.5965,0.0,1.0,20
457,0.5985,0.0,1.0,20
458,0.5995000000000001,0.0,1.0,20
459,0.6000000000000001,0.0,1.0,20
460,0.6005,0.0,1.0,20
461,0.6020000000000001,0.0,1.0,20
462,0.6035000000000001,0.0,1.0,20
463,0.6055,0.0,1.0,20
464,0.6075,0.0,1.0,20
465,0.6095,0.0,1.0,20
466,0.612,0.0,1.0,20
467,0.6145,0.0,1.0,20
468,0.6165,0.0,1.0,20
469,0.6195,0.0,1.0,20
470,0.6215,0.0,1.0,20
471,0.6235,0.0,1.0,20
472,0.625,0.0,1.0,20
473,0.627,0.0,1.0,20
474,0.629,0.0,1.0,20
475,0.632,0.0,1.0,20
476,0.6335,0.0,1.0,20
477,0.6360000000000001,0.0,1.0,20
478,0.6375000000000001,0.0,1.0,20
479,0.6395000000000001,0.0,1.0,20
480,0.6405000000000001,0.0,1.0,20
481,0.643,0.0,1.0,20
482,0.646,0.0,1.0,20
483,0.6485,0.0,1.0,20
484,0.6515,0.0,1.0,20
485,0.655,0.0,1.0,20
486,0.6580000000000001,0.0,1.0,20
487,0.661,0.0,1.0,20
488,0.6625,0.0,1.0,20
489,0.6655,0.0,1.0,20
490,0.6675,0.0,1.0,20
491,0.6695,0.0,1.0,20
492,0.6705,0.0,1.0,20
493,0.6725,0.0,1.0,20
494,0.675,0.0,1.0,20
495,0.6775,0.0,1.0,20
496,0.6795000000000001,0.0,1.0,20
497,0.6825000000000001,0.0,1.0,20
498,0.6855,0.0,1.0,20
499,0.6875,0.0,1.0,20
500,0.688,0.0,1.0,20
501,0.6905,0.0,1.0,20
502,0.6915,0.0,1.0,20
503,0.6935,0.0,1.0,20
504,0.695,0.0,1.0,20
505,0.6965,0.0,1.0,20
506,0.6980000000000001,0.0,1.0,20
507,0.699,0.0,1.0,20
508,0.6994999999999999,0.0,1.0,20
509,0.7005,0.0,1.0,20
510,0.7025,0.0,1.0,20
511,0.7044999999999999,0.0,1.0,20
512,0.7074999999999999,0.0,1.0,20
513,0.7094999999999999,0.0,1.0,20
514,0.7114999999999999,0.0,1.0,20
515,0.7135,0.0,1.0,20
516,0.715,0.0,1.0,20
517,0.7169999999999999,0.0,1.0,20
518,0.719,0.0,1.0,20
519,0.7209999999999999,0.0,1.0,20
520,0.7229999999999999,0.0,1.0,20
521,0.725,0.0,1.0,20
522,0.727,0.0,1.0,20
523,0.728,0.0,1.0,20
524,0.7295,0.0,1.0,20
525,0.7314999999999999,0.0,1.0,20
526,0.7329999999999999,0.0,1.0,20
527,0.7349999999999999,0.0,1.0,20
528,0.7369999999999999,0.0,1.0,20
529,0.7384999999999999,0.0,1.0,20
530,0.74,0.0,1.0,20
531,0.7409999999999999,0.0,1.0,20
532,0.7424999999999999,0.0,1.0,20
533,0.744,0.0,1.0,20
534,0.7444999999999999,0.0,1.0,20
535,0.745,0.0,1.0,20
536,0.7474999999999999,0.0,1.0,20
537,0.75,0.0,1.0,20
538,0.752,0.0,1.0,20
539,0.7529999999999999,0.0,1.0,20
540,0.7549999999999999,0.0,1.0,20
541,0.7565,0.0,1.0,20
542,0.7579999999999999,0.0,1.0,20
543,0.7595,0.0,1.0,20
544,0.7615,0.0,1.0,20
545,0.7634999999999998,0.0,1.0,20
546,0.7644999999999998,0.0,1.0,20
547,0.7649999999999999,0.0,1.0,20
548,0.7664999999999998,0.0,1.0,20
549,0.7675,0.0,1.0,20
550,0.7685,0.0,1.0,20
551,0.7689999999999999,0.0,1.0,20
552,0.7714999999999999,0.0,1.0,20
553,0.7724999999999999,0.0,1.0,20
554,0.7734999999999999,0.0,1.0,20
555,0.7739999999999998,0.0,1.0,20
556,0.7755,0.0,1.0,20
557,0.7769999999999999,0.0,1.0,20
558,0.7794999999999999,0.01,1.0,20
559,0.7809999999999999,0.01,1.0,20
560,0.783,0.01,1.0,20
561,0.7845,0.01,1.0,20
562,0.7849999999999999,0.01,1.0,20
563,0.7859999999999999,0.02,1.0,20
564,0.7865,0.02,1.0,20
565,0.787,0.02,1.0,20
566,0.7865,0.02,1.0,20
567,0.7875000000000001,0.03,1.0,20
568,0.788,0.03,1.0,20
569,0.7889999999999999,0.04,1.0,20
570,0.7909999999999999,0.05,1.0,20
571,0.7919999999999999,0.06,1.0,20
572,0.7929999999999999,0.06,1.0,20
573,0.7934999999999999,0.06,1.0,20
574,0.7939999999999999,0.06,1.0,20
575,0.7949999999999999,0.07,1.0,20
576,0.7965,0.08,1.0,20
577,0.7979999999999998,0.09,1.0,20
578,0.7995000000000001,0.1,1.0,20
579,0.8005000000000001,0.11,1.0,20
580,0.8015000000000001,0.12,1.0,20
581,0.8025,0.13,1.0,20
582,0.8035,0.14,1.0,20
583,0.8045,0.14,1.0,20
584,0.805,0.14,1.0,20
585,0.8055,0.14,1.0,20
586,0.8065000000000001,0.14,1.0,20
587,0.8080000000000002,0.14,1.0,20
588,0.8100000000000002,0.15,1.0,20
589,0.8100000000000002,0.15,1.0,20
590,0.8109999999999999,0.15,1.0,20
591,0.8109999999999999,0.15,1.0,20
592,0.813,0.16,1.0,20
593,0.8150000000000001,0.17,1.0,20
594,0.8155000000000001,0.18,1.0,20
595,0.8164999999999999,0.19,1.0,20
596,0.8184999999999999,0.2,1.0,20
597,0.8189999999999997,0.2,1.0,20
598,0.8204999999999998,0.21,1.0,20
599,0.8224999999999998,0.22,1.0,20
600,0.825,0.22,1.0,20
601,0.826,0.22,1.0,20
602,0.8280000000000001,0.22,1.0,20
603,0.8305,0.23,1.0,20
604,0.8314999999999999,0.22,1.0,20
605,0.8334999999999999,0.21,1.0,20
606,0.835,0.21,1.0,20
607,0.8375,0.21,1.0,20
608,0.8394999999999999,0.2,1.0,20
609,0.8420000000000002,0.19,1.0,20
610,0.8440000000000001,0.18,1.0,20
611,0.8460000000000001,0.17,1.0,20
612,0.8470000000000001,0.16,1.0,20
613,0.849,0.16,1.0,20
614,0.85,0.16,1.0,20
615,0.852,0.16,1.0,20
616,0.8535,0.16,1.0,20
617,0.8550000000000001,0.16,1.0,20
618,0.857,0.17,1.0,20
619,0.8595,0.18,1.0,20
620,0.8620000000000001,0.19,1.0,20
621,0.8644999999999999,0.2,1.0,20
622,0.8664999999999999,0.21,1.0,20
623,0.8684999999999998,0.21,1.0,20
624,0.8705,0.21,1.0,20
625,0.8725000000000002,0.22,1.0,20
626,0.8745,0.23,1.0,20
627,0.8765000000000001,0.24,1.0,20
628,0.8785000000000001,0.24,1.0,20
629,0.8800000000000001,0.25,1.0,20
630,0.882,0.26,1.0,20
631,0.884,0.26,1.0,20
632,0.8859999999999999,0.26,1.0,20
633,0.8879999999999999,0.27,1.0,20
634,0.89,0.28,1.0,20
635,0.892,0.28,1.0,20
636,0.8935000000000001,0.29,1.0,20
637,0.8945000000000001,0.29,1.0,20
638,0.8960000000000001,0.3,1.0,20
639,0.898,0.31,1.0,20
640,0.8995,0.32,1.0,20
641,0.9004999999999999,0.32,1.0,20
642,0.9014999999999999,0.32,1.0,20
643,0.9025000000000001,0.33,1.0,20
644,0.9040000000000001,0.33,1.0,20
645,0.9049999999999999,0.33,1.0,20
646,0.9065,0.33,1.0,20
647,0.908,0.33,1.0,20
648,0.9090000000000001,0.33,1.0,20
649,0.9105000000000001,0.33,1.0,20
650,0.9120000000000001,0.33,1.0,20
651,0.914,0.33,1.0,20
652,0.915,0.33,1.0,20
653,0.916,0.33,1.0,20
654,0.9175000000000001,0.33,1.0,20
655,0.9199999999999999,0.34,1.0,20
656,0.9215,0.35,1.0,20
657,0.923,0.36,1.0,20
658,0.9235,0.37,1.0,20
659,0.925,0.38,1.0,20
660,0.9264999999999999,0.38,1.0,20
661,0.9279999999999999,0.38,1.0,20
662,0.9289999999999999,0.39,1.0,20
663,0.9305,0.4,1.0,20
664,0.9324999999999999,0.41,1.0,20
665,0.9349999999999999,0.42,1.0,20
666,0.9375,0.43,1.0,20
667,0.9385,0.44,1.0,20
668,0.9404999999999999,0.45,1.0,20
669,0.9414999999999999,0.46,1.0,20
670,0.9424999999999999,0.47,1.0,20
671,0.9434999999999999,0.48,1.0,20
672,0.945,0.49,1.0,20
673,0.9465,0.5,1.0,20
674,0.9475,0.51,1.0,20
675,0.9480000000000001,0.52,1.0,20
676,0.9480000000000001,0.53,1.0,20
677,0.9485000000000001,0.54,1.0,20
678,0.9494999999999999,0.55,1.0,20
679,0.9504999999999999,0.56,1.0,20
680,0.9514999999999999,0.57,1.0,20
681,0.9525,0.58,1.0,20
682,0.9524999999999999,0.59,1.0,20
683,0.953,0.6,1.0,20
684,0.954,0.61,1.0,20
685,0.9550000000000001,0.62,1.0,20
686,0.9550000000000001,0.63,1.0,20
687,0.9550000000000001,0.64,1.0,20
688,0.9534999999999998,0.65,1.0,20
689,0.9544999999999998,0.66,1.0,20
690,0.9554999999999998,0.67,1.0,20
691,0.9564999999999999,0.68,1.0,20
692,0.9559999999999998,0.69,1.0,20
693,0.9555,0.7,1.0,20
694,0.9549999999999998,0.71,1.0,20
695,0.9555,0.72,1.0,20
696,0.9549999999999998,0.73,1.0,20
697,0.9555,0.74,1.0,20
698,0.9555,0.74,1.0,20
699,0.9559999999999998,0.74,1.0,20
700,0.9564999999999999,0.74,1.0,20
701,0.9579999999999999,0.74,1.0,20
702,0.959,0.74,1.0,20
703,0.9584999999999999,0.74,1.0,20
704,0.9605,0.74,1.0,20
705,0.9615,0.74,1.0,20
706,0.9629999999999999,0.74,1.0,20
707,0.9639999999999999,0.74,1.0,20
708,0.9649999999999999,0.74,1.0,20
709,0.9654999999999999,0.74,1.0,20
710,0.9659999999999999,0.74,1.0,20
711,0.9664999999999999,0.74,1.0,20
712,0.9669999999999999,0.74,1.0,20
713,0.9674999999999999,0.74,1.0,20
714,0.9684999999999999,0.74,1.0,20
715,0.968,0.74,1.0,20
716,0.9684999999999999,0.74,1.0,20
717,0.969,0.74,1.0,20
718,0.9685,0.74,1.0,20
719,0.9685,0.74,1.0,20
720,0.9685,0.74,1.0,20
721,0.9685,0.74,1.0,20
722,0.9685,0.74,1.0,20
723,0.969,0.74,1.0,20
724,0.9695,0.74,1.0,20
725,0.9695,0.74,1.0,20
726,0.9695,0.74,1.0,20
727,0.9690000000000001,0.74,1.0,20
728,0.9695,0.74,1.0,20
729,0.9695,0.74,1.0,20
730,0.9700000000000001,0.74,1.0,20
731,0.9705,0.74,1.0,20
732,0.9710000000000001,0.74,1.0,20
733,0.9710000000000001,0.74,1.0,20
734,0.9710000000000001,0.74,1.0,20
735,0.9715,0.74,1.0,20
736,0.9715,0.74,1.0,20
737,0.9720000000000001,0.74,1.0,20
738,0.9720000000000001,0.74,1.0,20
739,0.9720000000000001,0.74,1.0,20
740,0.9720000000000001,0.74,1.0,20
741,0.9720000000000001,0.74,1.0,20
742,0.9720000000000001,0.74,1.0,20
743,0.9724999999999999,0.74,1.0,20
744,0.9724999999999999,0.74,1.0,20
745,0.9724999999999999,0.74,1.0,20
746,0.9724999999999999,0.74,1.0,20
747,0.9725000000000001,0.74,1.0,20
748,0.9730000000000001,0.74,1.0,20
749,0.9730000000000001,0.74,1.0,20
750,0.9730000000000001,0.74,1.0,20
751,0.9730000000000001,0.74,1.0,20
752,0.9724999999999999,0.74,1.0,20
753,0.9725000000000001,0.74,1.0,20
754,0.9725000000000001,0.74,1.0,20
755,0.9720000000000002,0.74,1.0,20
756,0.9715000000000001,0.73,1.0,20
757,0.9715000000000001,0.72,1.0,20
758,0.9705,0.71,1.0,20
759,0.9695,0.71,1.0,20
760,0.9690000000000001,0.71,1.0,20
761,0.9685,0.71,1.0,20
762,0.969,0.71,1.0,20
763,0.968,0.7,1.0,20
764,0.9665000000000001,0.69,1.0,20
765,0.966,0.69,1.0,20
766,0.9650000000000001,0.69,1.0,20
767,0.9644999999999999,0.69,1.0,20
768,0.9635000000000001,0.69,1.0,20
769,0.9630000000000001,0.69,1.0,20
770,0.9625,0.69,1.0,20
771,0.9620000000000001,0.69,1.0,20
772,0.9625,0.7,1.0,20
773,0.9625,0.71,1.0,20
774,0.9635,0.72,1.0,20
775,0.9640000000000001,0.73,1.0,20
776,0.9639999999999999,0.74,1.0,20
777,0.9644999999999999,0.75,1.0,20
778,0.9640000000000001,0.76,1.0,20
779,0.9644999999999999,0.77,1.0,20
780,0.9650000000000001,0.78,1.0,20
781,0.9654999999999999,0.79,1.0,20
782,0.9664999999999999,0.8,1.0,20
783,0.9664999999999999,0.81,1.0,20
784,0.967,0.82,1.0,20
785,0.9664999999999999,0.83,1.0,20
786,0.9680000000000002,0.84,1.0,20
787,0.9690000000000001,0.85,1.0,20
788,0.9710000000000001,0.86,1.0,20
789,0.9710000000000001,0.86,1.0,20
790,0.9710000000000001,0.86,1.0,20
791,0.9715,0.86,1.0,20
792,0.9720000000000001,0.86,1.0,20
793,0.9724999999999999,0.86,1.0,20
794,0.974,0.86,1.0,20
795,0.9745000000000001,0.86,1.0,20
796,0.975,0.86,1.0,20
797,0.976,0.86,1.0,20
798,0.9765,0.86,1.0,20
799,0.9765,0.86,1.0,20
800,0.976,0.85,1.0,20
801,0.976,0.85,1.0,20
802,0.9755,0.85,1.0,20
803,0.976,0.85,1.0,20
804,0.976,0.85,1.0,20
805,0.976,0.85,1.0,20
806,0.9755,0.85,1.0,20
807,0.9755,0.85,1.0,20
808,0.9755,0.85,1.0,20
809,0.975,0.85,1.0,20
810,0.9739999999999999,0.85,1.0,20
811,0.9734999999999999,0.85,1.0,20
812,0.9729999999999999,0.85,1.0,20
813,0.9724999999999999,0.85,1.0,20
814,0.9715,0.85,1.0,20
815,0.9719999999999999,0.86,1.0,20
816,0.9709999999999999,0.86,1.0,20
817,0.9709999999999999,0.86,1.0,20
818,0.9705,0.86,1.0,20
819,0.97,0.86,1.0,20
820,0.9695,0.86,1.0,20
821,0.9685,0.86,1.0,20
822,0.9680000000000002,0.86,1.0,20
823,0.967,0.86,1.0,20
824,0.9664999999999999,0.86,1.0,20
825,0.9655000000000001,0.86,1.0,20
826,0.9644999999999999,0.86,1.0,20
827,0.9640000000000001,0.86,1.0,20
828,0.9635,0.86,1.0,20
829,0.9635,0.86,1.0,20
830,0.9625,0.86,1.0,20
831,0.962,0.86,1.0,20
832,0.961,0.85,1.0,20
833,0.9605,0.85,1.0,20
834,0.96,0.84,1.0,20
835,0.959,0.84,1.0,20
836,0.9585000000000001,0.84,1.0,20
837,0.9575000000000001,0.84,1.0,20
838,0.9570000000000001,0.84,1.0,20
839,0.9564999999999999,0.84,1.0,20
840,0.9564999999999999,0.84,1.0,20
841,0.9564999999999999,0.84,1.0,20
842,0.9555,0.83,1.0,20
843,0.9550000000000001,0.83,1.0,20
844,0.9550000000000001,0.83,1.0,20
845,0.9540000000000001,0.83,1.0,20
846,0.9535000000000002,0.83,1.0,20
847,0.9530000000000001,0.82,1.0,20
848,0.9525,0.81,1.0,20
849,0.9525,0.81,1.0,20
850,0.9515,0.8,1.0,20
851,0.9505000000000001,0.79,1.0,20
852,0.951,0.79,1.0,20
853,0.9505000000000001,0.78,1.0,20
854,0.95,0.77,1.0,20
855,0.9505000000000001,0.77,1.0,20
856,0.95,0.76,1.0,20
857,0.95,0.75,1.0,20
858,0.951,0.74,1.0,20
859,0.951,0.73,1.0,20
860,0.9504999999999999,0.72,1.0,20
861,0.9504999999999999,0.71,1.0,20
862,0.9504999999999999,0.7,1.0,20
863,0.9515,0.7,1.0,20
864,0.9524999999999999,0.69,1.0,20
865,0.953,0.69,1.0,20
866,0.9535,0.68,1.0,20
867,0.9535,0.67,1.0,20
868,0.954,0.66,1.0,20
869,0.954,0.65,1.0,20
870,0.954,0.64,1.0,20
871,0.9545,0.64,1.0,20
872,0.954,0.63,1.0,20
873,0.954,0.62,1.0,20
874,0.953,0.61,1.0,20
875,0.952,0.6,1.0,20
876,0.9525,0.59,1.0,20
877,0.952,0.58,1.0,20
878,0.953,0.58,1.0,20
879,0.953,0.58,1.0,20
880,0.953,0.58,1.0,20
881,0.953,0.58,1.0,20
882,0.953,0.58,1.0,20
883,0.9535,0.58,1.0,20
884,0.953,0.58,1.0,20
885,0.9535,0.58,1.0,20
886,0.953,0.58,1.0,20
887,0.9525,0.57,1.0,20
888,0.9515,0.56,1.0,20
889,0.9515,0.56,1.0,20
890,0.9504999999999999,0.56,1.0,20
891,0.9494999999999999,0.56,1.0,20
892,0.9490000000000001,0.56,1.0,20
893,0.9480000000000001,0.56,1.0,20
894,0.9480000000000001,0.56,1.0,20
895,0.9475,0.56,1.0,20
896,0.9465,0.56,1.0,20
897,0.9455,0.56,1.0,20
898,0.9455,0.56,1.0,20
899,0.9445,0.56,1.0,20
900,0.9440000000000002,0.56,1.0,20
901,0.9435,0.56,1.0,20
902,0.9435,0.56,1.0,20
903,0.9435,0.56,1.0,20
904,0.9424999999999999,0.56,1.0,20
905,0.9409999999999998,0.56,1.0,20
906,0.9414999999999999,0.56,1.0,20
907,0.9414999999999999,0.56,1.0,20
908,0.9409999999999998,0.56,1.0,20
909,0.9404999999999998,0.56,1.0,20
910,0.9414999999999999,0.56,1.0,20
911,0.9414999999999999,0.56,1.0,20
912,0.9419999999999998,0.56,1.0,20
913,0.9419999999999998,0.57,1.0,20
914,0.9424999999999999,0.57,1.0,20
915,0.9429999999999998,0.58,1.0,20
916,0.9434999999999999,0.59,1.0,20
917,0.9434999999999999,0.59,1.0,20
918,0.9434999999999999,0.59,1.0,20
919,0.9424999999999999,0.59,1.0,20
920,0.942,0.59,1.0,20
921,0.942,0.6,1.0,20
922,0.9414999999999999,0.61,1.0,20
923,0.9410000000000001,0.62,1.0,20
924,0.9404999999999999,0.63,1.0,20
925,0.9414999999999999,0.64,1.0,20
926,0.9414999999999999,0.65,1.0,20
927,0.942,0.66,1.0,20
928,0.942,0.67,1.0,20
929,0.9425000000000001,0.68,1.0,20
930,0.943,0.69,1.0,20
931,0.9425000000000001,0.7,1.0,20
932,0.943,0.71,1.0,20
933,0.9435,0.71,1.0,20
934,0.944,0.72,1.0,20
935,0.9445,0.72,1.0,20
936,0.9445,0.72,1.0,20
937,0.9444999999999999,0.72,1.0,20
938,0.944,0.72,1.0,20
939,0.9434999999999999,0.72,1.0,20
940,0.943,0.72,1.0,20
941,0.9424999999999999,0.72,1.0,20
942,0.9424999999999999,0.73,1.0,20
943,0.9429999999999998,0.73,1.0,20
944,0.9429999999999998,0.73,1.0,20
945,0.9434999999999999,0.73,1.0,20
946,0.9434999999999999,0.73,1.0,20
947,0.9444999999999999,0.74,1.0,20
948,0.944,0.75,1.0,20
949,0.9424999999999999,0.75,1.0,20
950,0.9434999999999999,0.76,1.0,20
951,0.944,0.77,1.0,20
952,0.944,0.77,1.0,20
953,0.9444999999999999,0.78,1.0,20
954,0.945,0.79,1.0,20
955,0.945,0.79,1.0,20
956,0.946,0.8,1.0,20
957,0.9465,0.81,1.0,20
958,0.9469999999999998,0.82,1.0,20
959,0.9479999999999998,0.83,1.0,20
960,0.9489999999999998,0.84,1.0,20
961,0.9494999999999999,0.85,1.0,20
962,0.9499999999999998,0.85,1.0,20
963,0.9499999999999998,0.85,1.0,20
964,0.9504999999999999,0.85,1.0,20
965,0.9504999999999999,0.85,1.0,20
966,0.9509999999999998,0.85,1.0,20
967,0.9514999999999999,0.85,1.0,20
968,0.952,0.85,1.0,20
969,0.9524999999999999,0.85,1.0,20
970,0.953,0.85,1.0,20
971,0.953,0.85,1.0,20
972,0.9534999999999998,0.85,1.0,20
973,0.954,0.85,1.0,20
974,0.954,0.85,1.0,20
975,0.9544999999999998,0.85,1.0,20
976,0.9544999999999998,0.85,1.0,20
977,0.9549999999999998,0.85,1.0,20
978,0.9545,0.84,1.0,20
979,0.9535,0.84,1.0,20
980,0.9535,0.84,1.0,20
981,0.953,0.83,1.0,20
982,0.9525,0.83,1.0,20
983,0.9525,0.83,1.0,20
984,0.953,0.83,1.0,20
985,0.953,0.83,1.0,20
986,0.9535,0.83,1.0,20
987,0.9540000000000001,0.83,1.0,20
988,0.9540000000000001,0.84,1.0,20
989,0.9545,0.84,1.0,20
990,0.9555,0.85,1.0,20
991,0.9565000000000001,0.85,1.0,20
992,0.9575000000000001,0.85,1.0,20
993,0.959,0.85,1.0,20
994,0.9595,0.85,1.0,20
995,0.9595,0.85,1.0,20
996,0.961,0.85,1.0,20
997,0.9615,0.85,1.0,20
998,0.961,0.85,1.0,20
999,0.9615,0.85,1.0,20
1000,0.962,0.85,1.0,20
1001,0.9620000000000001,0.85,1.0,20
1002,0.9620000000000001,0.85,1.0,20
1003,0.9615,0.85,1.0,20
1004,0.9620000000000001,0.85,1.0,20
1005,0.9630000000000001,0.86,1.0,20
1006,0.9630000000000001,0.86,1.0,20
1007,0.9625,0.85,1.0,20
1008,0.9625,0.84,1.0,20
1009,0.9630000000000001,0.83,1.0,20
1010,0.9625000000000001,0.82,1.0,20
1011,0.9625000000000001,0.81,1.0,20
1012,0.9620000000000001,0.8,1.0,20
1013,0.9620000000000001,0.79,1.0,20
1014,0.9625,0.79,1.0,20
1015,0.9625,0.79,1.0,20
1016,0.9630000000000001,0.79,1.0,20
1017,0.9630000000000001,0.79,1.0,20
1018,0.9635,0.78,1.0,20
1019,0.9650000000000001,0.78,1.0,20
1020,0.966,0.78,1.0,20
1021,0.9670000000000002,0.78,1.0,20
1022,0.9680000000000002,0.78,1.0,20
1023,0.9690000000000001,0.79,1.0,20
1024,0.9700000000000001,0.79,1.0,20
1025,0.9700000000000001,0.79,1.0,20
1026,0.9710000000000001,0.8,1.0,20
1027,0.9715000000000001,0.8,1.0,20
1028,0.9720000000000001,0.81,1.0,20
1029,0.9720000000000001,0.81,1.0,20
1030,0.9725000000000001,0.81,1.0,20
1031,0.9735000000000001,0.82,1.0,20
1032,0.9735000000000001,0.82,1.0,20
1033,0.9735000000000001,0.82,1.0,20
1034,0.9735000000000001,0.82,1.0,20
1035,0.974,0.82,1.0,20
1036,0.974,0.82,1.0,20
1037,0.975,0.82,1.0,20
1038,0.976,0.82,1.0,20
1039,0.977,0.82,1.0,20
1040,0.9775,0.82,1.0,20
1041,0.978,0.82,1.0,20
1042,0.978,0.82,1.0,20
1043,0.978,0.82,1.0,20
1044,0.978,0.82,1.0,20
1045,0.9785,0.82,1.0,20
1046,0.9785,0.82,1.0,20
1047,0.9785,0.82,1.0,20
1048,0.9795,0.82,1.0,20
1049,0.9804999999999999,0.82,1.0,20
1050,0.9804999999999999,0.82,1.0,20
1051,0.9810000000000001,0.82,1.0,20
1052,0.9804999999999999,0.82,1.0,20
1053,0.9805000000000001,0.82,1.0,20
1054,0.9800000000000001,0.82,1.0,20
1055,0.9795,0.82,1.0,20
1056,0.9790000000000001,0.82,1.0,20
1057,0.978,0.82,1.0,20
1058,0.9765,0.82,1.0,20
1059,0.9744999999999999,0.82,1.0,20
1060,0.9734999999999999,0.82,1.0,20
1061,0.9719999999999999,0.82,1.0,20
1062,0.9705,0.82,1.0,20
1063,0.969,0.82,1.0,20
1064,0.9679999999999997,0.82,1.0,20
1065,0.9665000000000001,0.82,1.0,20
1066,0.9654999999999999,0.82,1.0,20
1067,0.9635,0.82,1.0,20
1068,0.9614999999999997,0.82,1.0,20
1069,0.96,0.82,1.0,20
1070,0.9579999999999999,0.82,1.0,20
1071,0.9570000000000001,0.82,1.0,20
1072,0.9549999999999998,0.82,1.0,20
1073,0.9529999999999997,0.82,1.0,20
1074,0.9524999999999999,0.82,1.0,20
1075,0.9514999999999997,0.82,1.0,20
1076,0.9499999999999998,0.82,1.0,20
1077,0.9489999999999998,0.82,1.0,20
1078,0.9480000000000001,0.82,1.0,20
1079,0.9474999999999998,0.82,1.0,20
1080,0.9469999999999997,0.82,1.0,20
1081,0.9465,0.82,1.0,20
1082,0.9454999999999998,0.81,1.0,20
1083,0.944,0.8,1.0,20
1084,0.9429999999999998,0.79,1.0,20
1085,0.9424999999999999,0.78,1.0,20
1086,0.9409999999999998,0.77,1.0,20
1087,0.9395,0.76,1.0,20
1088,0.9395,0.75,1.0,20
1089,0.9389999999999998,0.75,1.0,20
1090,0.938,0.75,1.0,20
1091,0.9374999999999998,0.74,1.0,20
1092,0.9369999999999999,0.74,1.0,20
1093,0.9364999999999999,0.74,1.0,20
1094,0.9359999999999999,0.74,1.0,20
1095,0.9355,0.73,1.0,20
1096,0.9344999999999999,0.72,1.0,20
1097,0.9349999999999999,0.72,1.0,20
1098,0.9354999999999999,0.72,1.0,20
1099,0.9354999999999999,0.72,1.0,20
1100,0.9354999999999999,0.72,1.0,20
1101,0.9355,0.72,1.0,20
1102,0.9355,0.72,1.0,20
1103,0.9350000000000002,0.72,1.0,20
1104,0.9349999999999999,0.72,1.0,20
1105,0.9350000000000002,0.72,1.0,20
1106,0.9345000000000001,0.72,1.0,20
1107,0.9344999999999999,0.72,1.0,20
1108,0.9345000000000001,0.72,1.0,20
1109,0.9339999999999998,0.72,1.0,20
1110,0.9334999999999999,0.72,1.0,20
1111,0.9334999999999999,0.72,1.0,20
1112,0.933,0.72,1.0,20
1113,0.9335000000000001,0.72,1.0,20
1114,0.9324999999999999,0.72,1.0,20
1115,0.9324999999999999,0.72,1.0,20
1116,0.932,0.72,1.0,20
1117,0.932,0.72,1.0,20
1118,0.932,0.72,1.0,20
1119,0.9315,0.72,1.0,20
1120,0.9305000000000001,0.72,1.0,20
1121,0.9305000000000001,0.72,1.0,20
1122,0.9299999999999999,0.72,1.0,20
1123,0.9299999999999999,0.72,1.0,20
1124,0.9294999999999998,0.72,1.0,20
1125,0.9289999999999999,0.72,1.0,20
1126,0.9284999999999999,0.72,1.0,20
1127,0.9279999999999999,0.72,1.0,20
1128,0.9274999999999999,0.72,1.0,20
1129,0.9269999999999999,0.72,1.0,20
1130,0.9264999999999999,0.72,1.0,20
1131,0.9259999999999999,0.72,1.0,20
1132,0.9259999999999998,0.72,1.0,20
1133,0.925,0.72,1.0,20
1134,0.9235,0.72,1.0,20
1135,0.922,0.72,1.0,20
1136,0.921,0.72,1.0,20
1137,0.9200000000000002,0.72,1.0,20
1138,0.9190000000000002,0.72,1.0,20
1139,0.9185000000000001,0.72,1.0,20
1140,0.9180000000000001,0.72,1.0,20
1141,0.9175000000000001,0.72,1.0,20
1142,0.9180000000000001,0.72,1.0,20
1143,0.9175000000000001,0.72,1.0,20
1144,0.9170000000000001,0.72,1.0,20
1145,0.9170000000000001,0.72,1.0,20
1146,0.9170000000000001,0.72,1.0,20
1147,0.9170000000000001,0.72,1.0,20
1148,0.9170000000000001,0.72,1.0,20
1149,0.917,0.72,1.0,20
1150,0.9165000000000001,0.72,1.0,20
1151,0.916,0.72,1.0,20
1152,0.9155,0.72,1.0,20
1153,0.915,0.72,1.0,20
1154,0.9139999999999999,0.72,1.0,20
1155,0.9135,0.72,1.0,20
1156,0.9135000000000002,0.72,1.0,20
1157,0.9145000000000001,0.72,1.0,20
1158,0.916,0.72,1.0,20
1159,0.9170000000000001,0.73,1.0,20
1160,0.916,0.73,1.0,20
1161,0.9155000000000001,0.73,1.0,20
1162,0.916,0.73,1.0,20
1163,0.9164999999999999,0.73,1.0,20
1164,0.9164999999999999,0.73,1.0,20
1165,0.917,0.73,1.0,20
1166,0.9170000000000001,0.73,1.0,20
1167,0.9184999999999999,0.73,1.0,20
1168,0.9195,0.73,1.0,20
1169,0.9205,0.73,1.0,20
1170,0.922,0.73,1.0,20
1171,0.9225,0.73,1.0,20
1172,0.924,0.73,1.0,20
1173,0.925,0.73,1.0,20
1174,0.925,0.73,1.0,20
1175,0.9255000000000001,0.73,1.0,20
1176,0.9265000000000001,0.73,1.0,20
1177,0.925,0.73,1.0,20
1178,0.9249999999999998,0.73,1.0,20
1179,0.9259999999999999,0.73,1.0,20
1180,0.9260000000000002,0.73,1.0,20
1181,0.9254999999999999,0.72,1.0,20
1182,0.9265000000000001,0.72,1.0,20
1183,0.9279999999999999,0.72,1.0,20
1184,0.929,0.72,1.0,20
1185,0.9279999999999997,0.72,1.0,20
1186,0.9284999999999999,0.72,1.0,20
1187,0.9284999999999999,0.72,1.0,20
1188,0.9284999999999999,0.72,1.0,20
1189,0.9279999999999999,0.72,1.0,20
1190,0.9284999999999999,0.72,1.0,20
1191,0.9284999999999999,0.72,1.0,20
1192,0.9279999999999999,0.72,1.0,20
1193,0.9269999999999999,0.72,1.0,20
1194,0.9259999999999999,0.72,1.0,20
1195,0.9259999999999999,0.72,1.0,20
1196,0.9254999999999999,0.72,1.0,20
1197,0.9239999999999998,0.72,1.0,20
1198,0.9224999999999998,0.72,1.0,20
1199,0.9209999999999999,0.72,1.0,20
1200,0.9194999999999999,0.72,1.0,20
1201,0.9179999999999998,0.72,1.0,20
1202,0.9164999999999999,0.72,1.0,20
1203,0.9159999999999998,0.72,1.0,20
1204,0.915,0.72,1.0,20
1205,0.9145,0.72,1.0,20
1206,0.9139999999999999,0.72,1.0,20
1207,0.9129999999999999,0.72,1.0,20
1208,0.9119999999999999,0.72,1.0,20
1209,0.9124999999999999,0.72,1.0,20
1210,0.9114999999999999,0.72,1.0,20
1211,0.9104999999999999,0.72,1.0,20
1212,0.9104999999999999,0.72,1.0,20
1213,0.9094999999999999,0.71,1.0,20
1214,0.9099999999999999,0.71,1.0,20
1215,0.9094999999999999,0.71,1.0,20
1216,0.9099999999999999,0.71,1.0,20
1217,0.9094999999999999,0.71,1.0,20
1218,0.909,0.71,1.0,20
1219,0.909,0.71,1.0,20
1220,0.9084999999999999,0.71,1.0,20
1221,0.9075,0.71,1.0,20
1222,0.907,0.71,1.0,20
1223,0.9059999999999999,0.71,1.0,20
1224,0.9049999999999999,0.71,1.0,20
1225,0.9049999999999999,0.71,1.0,20
1226,0.9044999999999999,0.7,1.0,20
1227,0.9044999999999999,0.7,1.0,20
1228,0.9029999999999998,0.7,1.0,20
1229,0.9024999999999999,0.7,1.0,20
1230,0.9019999999999998,0.7,1.0,20
1231,0.9019999999999998,0.7,1.0,20
1232,0.9019999999999998,0.7,1.0,20
1233,0.901,0.7,1.0,20
1234,0.9014999999999999,0.7,1.0,20
1235,0.9024999999999999,0.7,1.0,20
1236,0.9029999999999999,0.7,1.0,20
1237,0.9034999999999999,0.7,1.0,20
1238,0.9039999999999999,0.69,1.0,20
1239,0.9039999999999999,0.69,1.0,20
1240,0.9039999999999999,0.69,1.0,20
1241,0.9034999999999999,0.69,1.0,20
1242,0.9029999999999999,0.69,1.0,20
1243,0.9029999999999999,0.69,1.0,20
1244,0.9034999999999999,0.69,1.0,20
1245,0.9034999999999999,0.69,1.0,20
1246,0.9039999999999999,0.69,1.0,20
1247,0.9034999999999999,0.69,1.0,20
1248,0.9029999999999999,0.69,1.0,20
1249,0.9024999999999999,0.69,1.0,20
1250,0.9024999999999999,0.69,1.0,20
1251,0.9029999999999999,0.69,1.0,20
1252,0.9034999999999999,0.69,1.0,20
1253,0.9045,0.69,1.0,20
1254,0.9059999999999999,0.69,1.0,20
1255,0.907,0.69,1.0,20
1256,0.9075000000000001,0.69,1.0,20
1257,0.907,0.69,1.0,20
1258,0.907,0.69,1.0,20
1259,0.908,0.69,1.0,20
1260,0.9099999999999999,0.69,1.0,20
1261,0.9119999999999999,0.69,1.0,20
1262,0.913,0.69,1.0,20
1263,0.9139999999999999,0.69,1.0,20
1264,0.915,0.69,1.0,20
1265,0.9159999999999998,0.69,1.0,20
1266,0.917,0.69,1.0,20
1267,0.9175000000000001,0.69,1.0,20
1268,0.9179999999999999,0.69,1.0,20
1269,0.9185000000000001,0.69,1.0,20
1270,0.9189999999999999,0.69,1.0,20
1271,0.9195,0.69,1.0,20
1272,0.9199999999999999,0.69,1.0,20
1273,0.9209999999999999,0.69,1.0,20
1274,0.9225,0.69,1.0,20
1275,0.9235,0.69,1.0,20
1276,0.9244999999999999,0.69,1.0,20
1277,0.9269999999999998,0.69,1.0,20
1278,0.9279999999999999,0.69,1.0,20
1279,0.9280000000000002,0.69,1.0,20
1280,0.9274999999999999,0.69,1.0,20
1281,0.9285,0.69,1.0,20
1282,0.9279999999999999,0.69,1.0,20
1283,0.9275,0.69,1.0,20
1284,0.9269999999999999,0.69,1.0,20
1285,0.9285,0.7,1.0,20
1286,0.929,0.71,1.0,20
1287,0.9299999999999999,0.72,1.0,20
1288,0.9305000000000001,0.72,1.0,20
1289,0.9309999999999998,0.72,1.0,20
1290,0.931,0.72,1.0,20
1291,0.9309999999999998,0.72,1.0,20
1292,0.9315000000000001,0.72,1.0,20
1293,0.9325000000000001,0.73,1.0,20
1294,0.9324999999999999,0.72,1.0,20
1295,0.933,0.72,1.0,20
1296,0.9340000000000002,0.73,1.0,20
1297,0.9349999999999999,0.74,1.0,20
1298,0.9365,0.75,1.0,20
1299,0.9380000000000001,0.76,1.0,20
1300,0.9395,0.77,1.0,20
1301,0.9404999999999999,0.78,1.0,20
1302,0.942,0.79,1.0,20
1303,0.9434999999999999,0.8,1.0,20
1304,0.9445,0.81,1.0,20
1305,0.945,0.81,1.0,20
1306,0.9455,0.81,1.0,20
1307,0.9465000000000001,0.81,1.0,20
1308,0.9470000000000001,0.81,1.0,20
1309,0.9470000000000001,0.81,1.0,20
1310,0.9484999999999999,0.81,1.0,20
1311,0.95,0.81,1.0,20
1312,0.9505000000000002,0.81,1.0,20
1313,0.9510000000000002,0.81,1.0,20
1314,0.9510000000000002,0.81,1.0,20
1315,0.9515000000000002,0.81,1.0,20
1316,0.9515000000000002,0.81,1.0,20
1317,0.9515000000000002,0.81,1.0,20
1318,0.9520000000000002,0.81,1.0,20
1319,0.9525000000000002,0.81,1.0,20
1320,0.9540000000000001,0.82,1.0,20
1321,0.9550000000000003,0.82,1.0,20
1322,0.9550000000000001,0.82,1.0,20
1323,0.9560000000000001,0.82,1.0,20
1324,0.9575000000000001,0.82,1.0,20
1325,0.9570000000000001,0.82,1.0,20
1326,0.9570000000000002,0.82,1.0,20
1327,0.9570000000000002,0.82,1.0,20
1328,0.9585000000000001,0.82,1.0,20
1329,0.9590000000000002,0.82,1.0,20
1330,0.9590000000000002,0.82,1.0,20
1331,0.958,0.82,1.0,20
1332,0.9575000000000001,0.82,1.0,20
1333,0.9585000000000001,0.82,1.0,20
1334,0.958,0.82,1.0,20
1335,0.958,0.82,1.0,20
1336,0.9584999999999999,0.82,1.0,20
1337,0.9584999999999999,0.82,1.0,20
1338,0.958,0.82,1.0,20
1339,0.958,0.82,1.0,20
1340,0.9570000000000001,0.82,1.0,20
1341,0.9570000000000002,0.81,1.0,20
1342,0.9570000000000001,0.81,1.0,20
1343,0.9565000000000001,0.8,1.0,20
1344,0.9560000000000002,0.79,1.0,20
1345,0.9550000000000001,0.78,1.0,20
1346,0.9540000000000001,0.77,1.0,20
1347,0.9535000000000002,0.76,1.0,20
1348,0.9535000000000002,0.75,1.0,20
1349,0.9535000000000002,0.74,1.0,20
1350,0.9530000000000001,0.73,1.0,20
1351,0.9520000000000002,0.72,1.0,20
1352,0.9515000000000002,0.71,1.0,20
1353,0.9515000000000002,0.71,1.0,20
1354,0.9515000000000002,0.71,1.0,20
1355,0.9515000000000002,0.71,1.0,20
1356,0.9510000000000002,0.71,1.0,20
1357,0.9510000000000002,0.71,1.0,20
1358,0.9510000000000002,0.71,1.0,20
1359,0.9510000000000002,0.71,1.0,20
1360,0.9510000000000002,0.71,1.0,20
1361,0.9505000000000001,0.71,1.0,20
1362,0.9505000000000001,0.71,1.0,20
1363,0.9505000000000001,0.71,1.0,20
1364,0.9505000000000001,0.71,1.0,20
1365,0.9505000000000001,0.71,1.0,20
1366,0.9505000000000001,0.71,1.0,20
1367,0.9500000000000002,0.71,1.0,20
1368,0.9500000000000002,0.71,1.0,20
1369,0.9500000000000002,0.71,1.0,20
1370,0.9495000000000001,0.71,1.0,20
1371,0.9490000000000002,0.71,1.0,20
1372,0.9485000000000001,0.71,1.0,20
1373,0.9475000000000001,0.71,1.0,20
1374,0.9470000000000001,0.71,1.0,20
1375,0.9465000000000001,0.71,1.0,20
1376,0.9450000000000001,0.71,1.0,20
1377,0.9440000000000002,0.71,1.0,20
1378,0.9445,0.71,1.0,20
1379,0.9445,0.71,1.0,20
1380,0.9455000000000002,0.71,1.0,20
1381,0.9460000000000001,0.71,1.0,20
1382,0.9465000000000001,0.71,1.0,20
1383,0.9465000000000001,0.71,1.0,20
1384,0.9465000000000001,0.71,1.0,20
1385,0.9465000000000001,0.71,1.0,20
1386,0.9460000000000003,0.7,1.0,20
1387,0.9455000000000002,0.69,1.0,20
1388,0.9455000000000002,0.69,1.0,20
1389,0.9455000000000002,0.69,1.0,20
1390,0.9450000000000001,0.68,1.0,20
1391,0.9450000000000003,0.68,1.0,20
1392,0.9450000000000001,0.68,1.0,20
1393,0.9455000000000002,0.68,1.0,20
1394,0.9465,0.68,1.0,20
1395,0.9470000000000001,0.68,1.0,20
1396,0.9470000000000003,0.68,1.0,20
1397,0.9470000000000001,0.68,1.0,20
1398,0.9465,0.68,1.0,20
1399,0.9460000000000001,0.68,1.0,20
1400,0.9450000000000001,0.68,1.0,20
1401,0.9445,0.68,1.0,20
1402,0.9435,0.68,1.0,20
1403,0.942,0.68,1.0,20
1404,0.9405000000000001,0.68,1.0,20
1405,0.9390000000000001,0.68,1.0,20
1406,0.9369999999999999,0.68,1.0,20
1407,0.9355,0.68,1.0,20
1408,0.9350000000000002,0.68,1.0,20
1409,0.9340000000000002,0.68,1.0,20
1410,0.933,0.68,1.0,20
1411,0.9315000000000001,0.67,1.0,20
1412,0.9315000000000001,0.67,1.0,20
1413,0.931,0.67,1.0,20
1414,0.9305,0.67,1.0,20
1415,0.93,0.67,1.0,20
1416,0.9289999999999999,0.67,1.0,20
1417,0.929,0.67,1.0,20
1418,0.929,0.67,1.0,20
1419,0.9285000000000002,0.67,1.0,20
1420,0.9280000000000002,0.67,1.0,20
1421,0.9275000000000002,0.67,1.0,20
1422,0.9279999999999999,0.67,1.0,20
1423,0.9275000000000002,0.67,1.0,20
1424,0.9265000000000001,0.66,1.0,20
1425,0.9269999999999999,0.65,1.0,20
1426,0.9269999999999999,0.64,1.0,20
1427,0.9269999999999999,0.64,1.0,20
1428,0.9275,0.64,1.0,20
1429,0.9269999999999999,0.63,1.0,20
1430,0.9270000000000002,0.62,1.0,20
1431,0.9280000000000002,0.63,1.0,20
1432,0.9285000000000002,0.63,1.0,20
1433,0.929,0.63,1.0,20
1434,0.9305,0.63,1.0,20
1435,0.9305,0.63,1.0,20
1436,0.9305,0.63,1.0,20
1437,0.9305,0.63,1.0,20
1438,0.931,0.64,1.0,20
1439,0.931,0.64,1.0,20
1440,0.932,0.65,1.0,20
1441,0.933,0.66,1.0,20
1442,0.9339999999999999,0.66,1.0,20
1443,0.9349999999999999,0.66,1.0,20
1444,0.9354999999999999,0.66,1.0,20
1445,0.9359999999999999,0.66,1.0,20
1446,0.9364999999999999,0.66,1.0,20
1447,0.9364999999999999,0.66,1.0,20
1448,0.9364999999999999,0.66,1.0,20
1449,0.9359999999999999,0.66,1.0,20
1450,0.9355,0.66,1.0,20
1451,0.9355,0.65,1.0,20
1452,0.9359999999999999,0.65,1.0,20
1453,0.9354999999999999,0.65,1.0,20
1454,0.9349999999999999,0.65,1.0,20
1455,0.9349999999999999,0.65,1.0,20
1456,0.9345000000000001,0.65,1.0,20
1457,0.9345000000000002,0.65,1.0,20
1458,0.9330000000000002,0.65,1.0,20
1459,0.9325000000000001,0.65,1.0,20
1460,0.9325000000000001,0.65,1.0,20
1461,0.9320000000000002,0.65,1.0,20
1462,0.9315,0.65,1.0,20
1463,0.9315,0.65,1.0,20
1464,0.9315,0.65,1.0,20
1465,0.931,0.65,1.0,20
1466,0.9299999999999999,0.65,1.0,20
1467,0.9295,0.66,1.0,20
1468,0.9295,0.66,1.0,20
1469,0.9295,0.66,1.0,20
1470,0.9299999999999999,0.67,1.0,20
1471,0.9305000000000001,0.67,1.0,20
1472,0.9304999999999998,0.67,1.0,20
1473,0.9305,0.67,1.0,20
1474,0.9309999999999998,0.67,1.0,20
1475,0.9309999999999998,0.67,1.0,20
1476,0.9319999999999998,0.67,1.0,20
1477,0.933,0.67,1.0,20
1478,0.933,0.67,1.0,20
1479,0.9325000000000001,0.67,1.0,20
1480,0.9319999999999998,0.67,1.0,20
1481,0.9319999999999998,0.67,1.0,20
1482,0.9324999999999998,0.67,1.0,20
1483,0.933,0.67,1.0,20
1484,0.933,0.67,1.0,20
1485,0.9329999999999998,0.67,1.0,20
1486,0.9334999999999999,0.67,1.0,20
1487,0.9344999999999999,0.67,1.0,20
1488,0.9344999999999999,0.67,1.0,20
1489,0.9344999999999999,0.67,1.0,20
1490,0.9349999999999999,0.67,1.0,20
1491,0.9349999999999999,0.67,1.0,20
1492,0.9344999999999999,0.66,1.0,20
1493,0.9335000000000001,0.66,1.0,20
1494,0.9335000000000001,0.66,1.0,20
1495,0.932,0.65,1.0,20
1496,0.932,0.65,1.0,20
1497,0.9315,0.65,1.0,20
1498,0.9299999999999999,0.65,1.0,20
1499,0.9289999999999999,0.65,1.0,20
1500,0.9295,0.65,1.0,20
1501,0.931,0.65,1.0,20
1502,0.932,0.66,1.0,20
1503,0.9334999999999999,0.67,1.0,20
1504,0.9344999999999999,0.68,1.0,20
1505,0.9364999999999999,0.69,1.0,20
1506,0.9380000000000001,0.69,1.0,20
1507,0.9400000000000001,0.7,1.0,20
1508,0.9405000000000001,0.69,1.0,20
1509,0.9415000000000001,0.7,1.0,20
1510,0.942,0.71,1.0,20
1511,0.943,0.71,1.0,20
1512,0.9435,0.72,1.0,20
1513,0.944,0.73,1.0,20
1514,0.945,0.74,1.0,20
1515,0.945,0.75,1.0,20
1516,0.9455,0.76,1.0,20
1517,0.946,0.77,1.0,20
1518,0.9465,0.77,1.0,20
1519,0.9465,0.77,1.0,20
1520,0.9470000000000001,0.77,1.0,20
1521,0.9469999999999998,0.77,1.0,20
1522,0.9469999999999998,0.77,1.0,20
1523,0.9475,0.77,1.0,20
1524,0.9479999999999998,0.78,1.0,20
1525,0.9479999999999998,0.78,1.0,20
1526,0.9489999999999998,0.79,1.0,20
1527,0.9489999999999998,0.8,1.0,20
1528,0.9484999999999999,0.8,1.0,20
1529,0.9489999999999998,0.8,1.0,20
1530,0.95,0.8,1.0,20
1531,0.9495000000000001,0.81,1.0,20
1532,0.95,0.82,1.0,20
1533,0.95,0.83,1.0,20
1534,0.9495000000000001,0.82,1.0,20
1535,0.95,0.82,1.0,20
1536,0.9505000000000001,0.82,1.0,20
1537,0.9500000000000002,0.81,1.0,20
1538,0.95,0.81,1.0,20
1539,0.95,0.81,1.0,20
1540,0.95,0.8,1.0,20
1541,0.9490000000000001,0.8,1.0,20
1542,0.9485000000000001,0.8,1.0,20
1543,0.9470000000000001,0.79,1.0,20
1544,0.9460000000000001,0.79,1.0,20
1545,0.9445,0.78,1.0,20
1546,0.9435,0.78,1.0,20
1547,0.9435,0.78,1.0,20
1548,0.9424999999999999,0.77,1.0,20
1549,0.943,0.77,1.0,20
1550,0.9434999999999999,0.77,1.0,20
1551,0.9419999999999998,0.76,1.0,20
1552,0.9410000000000001,0.76,1.0,20
1553,0.9400000000000001,0.75,1.0,20
1554,0.9395,0.74,1.0,20
1555,0.9385,0.73,1.0,20
1556,0.9380000000000001,0.73,1.0,20
1557,0.9380000000000001,0.74,1.0,20
1558,0.9385,0.75,1.0,20
1559,0.9380000000000001,0.75,1.0,20
1560,0.9365,0.74,1.0,20
1561,0.9365,0.74,1.0,20
1562,0.9355,0.74,1.0,20
1563,0.9339999999999998,0.73,1.0,20
1564,0.933,0.72,1.0,20
1565,0.932,0.71,1.0,20
1566,0.9315,0.71,1.0,20
1567,0.931,0.7,1.0,20
1568,0.9295,0.69,1.0,20
1569,0.9279999999999999,0.68,1.0,20
1570,0.9264999999999999,0.67,1.0,20
1571,0.9254999999999999,0.67,1.0,20
1572,0.9255000000000001,0.67,1.0,20
1573,0.9259999999999999,0.67,1.0,20
1574,0.9254999999999999,0.67,1.0,20
1575,0.9245000000000001,0.67,1.0,20
1576,0.924,0.67,1.0,20
1577,0.923,0.67,1.0,20
1578,0.9215,0.67,1.0,20
1579,0.922,0.66,1.0,20
1580,0.922,0.66,1.0,20
1581,0.922,0.66,1.0,20
1582,0.922,0.66,1.0,20
1583,0.922,0.66,1.0,20
1584,0.922,0.66,1.0,20
1585,0.922,0.66,1.0,20
1586,0.9225000000000001,0.66,1.0,20
1587,0.922,0.66,1.0,20
1588,0.9225000000000001,0.66,1.0,20
1589,0.9225000000000001,0.66,1.0,20
1590,0.923,0.66,1.0,20
1591,0.923,0.66,1.0,20
1592,0.924,0.66,1.0,20
1593,0.925,0.66,1.0,20
1594,0.9255000000000001,0.67,1.0,20
1595,0.9269999999999999,0.68,1.0,20
1596,0.9275,0.69,1.0,20
1597,0.9285,0.7,1.0,20
1598,0.9305,0.71,1.0,20
1599,0.9315,0.72,1.0,20
1600,0.932,0.72,1.0,20
1601,0.932,0.72,1.0,20
1602,0.932,0.72,1.0,20
1603,0.932,0.72,1.0,20
1604,0.9324999999999999,0.72,1.0,20
1605,0.9315,0.72,1.0,20
1606,0.9315,0.72,1.0,20
1607,0.9305,0.72,1.0,20
1608,0.931,0.72,1.0,20
1609,0.931,0.72,1.0,20
1610,0.932,0.72,1.0,20
1611,0.9324999999999999,0.72,1.0,20
1612,0.9324999999999999,0.72,1.0,20
1613,0.932,0.72,1.0,20
1614,0.9315,0.72,1.0,20
1615,0.931,0.72,1.0,20
1616,0.9315,0.72,1.0,20
1617,0.9315,0.72,1.0,20
1618,0.931,0.72,1.0,20
1619,0.931,0.72,1.0,20
1620,0.93,0.72,1.0,20
1621,0.93,0.72,1.0,20
1622,0.93,0.72,1.0,20
1623,0.93,0.72,1.0,20
1624,0.9299999999999999,0.72,1.0,20
1625,0.9299999999999999,0.72,1.0,20
1626,0.9299999999999999,0.72,1.0,20
1627,0.93,0.72,1.0,20
1628,0.9295,0.72,1.0,20
1629,0.929,0.72,1.0,20
1630,0.929,0.72,1.0,20
1631,0.9295,0.72,1.0,20
1632,0.9295,0.72,1.0,20
1633,0.93,0.72,1.0,20
1634,0.93,0.72,1.0,20
1635,0.93,0.72,1.0,20
1636,0.9295,0.72,1.0,20
1637,0.93,0.72,1.0,20
1638,0.93,0.72,1.0,20
1639,0.9295,0.72,1.0,20
1640,0.9289999999999999,0.72,1.0,20
1641,0.9289999999999999,0.73,1.0,20
1642,0.9285,0.74,1.0,20
1643,0.9295,0.75,1.0,20
1644,0.9299999999999999,0.76,1.0,20
1645,0.9315,0.77,1.0,20
1646,0.933,0.78,1.0,20
1647,0.9339999999999999,0.79,1.0,20
1648,0.9349999999999999,0.8,1.0,20
1649,0.9349999999999999,0.81,1.0,20
1650,0.9349999999999999,0.82,1.0,20
1651,0.9365,0.83,1.0,20
1652,0.9369999999999999,0.84,1.0,20
1653,0.9375,0.85,1.0,20
1654,0.9385,0.86,1.0,20
1655,0.9390000000000001,0.86,1.0,20
1656,0.9395,0.86,1.0,20
1657,0.9395,0.86,1.0,20
1658,0.9404999999999999,0.86,1.0,20
1659,0.9410000000000001,0.86,1.0,20
1660,0.9425000000000001,0.86,1.0,20
1661,0.9435,0.86,1.0,20
1662,0.9444999999999999,0.86,1.0,20
1663,0.9460000000000001,0.86,1.0,20
1664,0.9469999999999998,0.86,1.0,20
1665,0.9485000000000001,0.86,1.0,20
1666,0.95,0.86,1.0,20
1667,0.9515,0.86,1.0,20
1668,0.9535,0.86,1.0,20
1669,0.9550000000000001,0.86,1.0,20
1670,0.9564999999999999,0.86,1.0,20
1671,0.9575000000000001,0.86,1.0,20
1672,0.958,0.86,1.0,20
1673,0.9584999999999999,0.86,1.0,20
1674,0.9590000000000002,0.86,1.0,20
1675,0.9605,0.86,1.0,20
1676,0.9615000000000002,0.86,1.0,20
1677,0.9625,0.86,1.0,20
1678,0.9640000000000001,0.86,1.0,20
1679,0.9644999999999999,0.86,1.0,20
1680,0.9650000000000001,0.86,1.0,20
1681,0.9650000000000001,0.86,1.0,20
1682,0.9650000000000001,0.86,1.0,20
1683,0.9650000000000001,0.86,1.0,20
1684,0.9650000000000001,0.86,1.0,20
1685,0.9650000000000001,0.86,1.0,20
1686,0.9650000000000001,0.86,1.0,20
1687,0.9655000000000001,0.86,1.0,20
1688,0.9655000000000001,0.86,1.0,20
1689,0.9654999999999999,0.86,1.0,20
1690,0.9650000000000001,0.86,1.0,20
1691,0.9650000000000001,0.86,1.0,20
1692,0.9644999999999999,0.86,1.0,20
1693,0.9639999999999999,0.86,1.0,20
1694,0.9635,0.86,1.0,20
1695,0.9635,0.86,1.0,20
1696,0.9629999999999999,0.86,1.0,20
1697,0.9629999999999999,0.86,1.0,20
1698,0.9629999999999999,0.86,1.0,20
1699,0.9635,0.86,1.0,20
1700,0.9635,0.86,1.0,20
1701,0.9625,0.86,1.0,20
1702,0.9625,0.86,1.0,20
1703,0.962,0.86,1.0,20
1704,0.9620000000000001,0.86,1.0,20
1705,0.961,0.86,1.0,20
1706,0.961,0.86,1.0,20
1707,0.9610000000000001,0.86,1.0,20
1708,0.9605,0.86,1.0,20
1709,0.96,0.86,1.0,20
1710,0.9584999999999999,0.86,1.0,20
1711,0.9574999999999999,0.86,1.0,20
1712,0.9560000000000001,0.86,1.0,20
1713,0.9560000000000001,0.86,1.0,20
1714,0.9555,0.85,1.0,20
1715,0.9555,0.84,1.0,20
1716,0.9545000000000001,0.84,1.0,20
1717,0.9535,0.84,1.0,20
1718,0.9530000000000001,0.84,1.0,20
1719,0.9525,0.84,1.0,20
1720,0.9530000000000001,0.84,1.0,20
1721,0.9525,0.84,1.0,20
1722,0.952,0.84,1.0,20
1723,0.9520000000000002,0.84,1.0,20
1724,0.952,0.84,1.0,20
1725,0.9525,0.84,1.0,20
1726,0.9525,0.84,1.0,20
1727,0.9530000000000001,0.84,1.0,20
1728,0.9540000000000001,0.84,1.0,20
1729,0.9550000000000001,0.84,1.0,20
1730,0.954,0.84,1.0,20
1731,0.9540000000000001,0.84,1.0,20
1732,0.9535,0.84,1.0,20
1733,0.953,0.84,1.0,20
1734,0.9535,0.84,1.0,20
1735,0.9535,0.84,1.0,20
1736,0.954,0.84,1.0,20
1737,0.9545,0.84,1.0,20
1738,0.9550000000000001,0.84,1.0,20
1739,0.9555,0.84,1.0,20
1740,0.9560000000000001,0.84,1.0,20
1741,0.9570000000000001,0.84,1.0,20
1742,0.958,0.84,1.0,20
1743,0.9584999999999999,0.84,1.0,20
1744,0.959,0.84,1.0,20
1745,0.9594999999999999,0.84,1.0,20
1746,0.9594999999999999,0.84,1.0,20
1747,0.9594999999999999,0.84,1.0,20
1748,0.9594999999999999,0.84,1.0,20
1749,0.9604999999999999,0.84,1.0,20
1750,0.9615,0.84,1.0,20
1751,0.9625,0.84,1.0,20
1752,0.9635,0.84,1.0,20
1753,0.9644999999999998,0.84,1.0,20
1754,0.9634999999999998,0.84,1.0,20
1755,0.9639999999999999,0.84,1.0,20
1756,0.9650000000000001,0.84,1.0,20
1757,0.9654999999999999,0.84,1.0,20
1758,0.9654999999999999,0.84,1.0,20
1759,0.966,0.84,1.0,20
1760,0.966,0.84,1.0,20
1761,0.966,0.84,1.0,20
1762,0.9664999999999999,0.84,1.0,20
1763,0.9664999999999999,0.84,1.0,20
1764,0.9664999999999999,0.84,1.0,20
1765,0.9664999999999999,0.84,1.0,20
1766,0.9664999999999999,0.84,1.0,20
1767,0.9664999999999999,0.84,1.0,20
1768,0.9664999999999999,0.84,1.0,20
1769,0.9664999999999999,0.84,1.0,20
1770,0.9664999999999999,0.84,1.0,20
1771,0.9664999999999999,0.84,1.0,20
1772,0.9664999999999999,0.84,1.0,20
1773,0.9664999999999999,0.84,1.0,20
1774,0.9664999999999999,0.84,1.0,20
1775,0.9664999999999999,0.84,1.0,20
1776,0.9664999999999999,0.84,1.0,20
1777,0.9664999999999999,0.84,1.0,20
1778,0.9664999999999999,0.84,1.0,20
1779,0.9664999999999999,0.84,1.0,20
1780,0.9654999999999999,0.84,1.0,20
1781,0.9644999999999999,0.84,1.0,20
1782,0.9629999999999999,0.84,1.0,20
1783,0.9629999999999999,0.84,1.0,20
1784,0.9635,0.84,1.0,20
1785,0.9635,0.84,1.0,20
1786,0.9630000000000001,0.84,1.0,20
1787,0.9625,0.84,1.0,20
1788,0.9620000000000001,0.84,1.0,20
1789,0.9625,0.84,1.0,20
1790,0.9630000000000001,0.84,1.0,20
1791,0.9629999999999999,0.84,1.0,20
1792,0.9629999999999999,0.84,1.0,20
1793,0.9635,0.84,1.0,20
1794,0.9639999999999999,0.84,1.0,20
1795,0.9635,0.84,1.0,20
1796,0.9635,0.84,1.0,20
1797,0.9625,0.84,1.0,20
1798,0.9620000000000001,0.84,1.0,20
1799,0.9620000000000001,0.84,1.0,20
1800,0.9620000000000001,0.85,1.0,20
1801,0.9625,0.86,1.0,20
1802,0.9625,0.87,1.0,20
1803,0.9625,0.88,1.0,20
1804,0.9625,0.88,1.0,20
1805,0.9639999999999999,0.88,1.0,20
1806,0.9644999999999999,0.88,1.0,20
1807,0.9644999999999999,0.87,1.0,20
1808,0.9650000000000001,0.86,1.0,20
1809,0.9649999999999999,0.85,1.0,20
1810,0.966,0.84,1.0,20
1811,0.9665000000000001,0.84,1.0,20
1812,0.9675,0.84,1.0,20
1813,0.968,0.84,1.0,20
1814,0.968,0.84,1.0,20
1815,0.9675,0.83,1.0,20
1816,0.9675,0.83,1.0,20
1817,0.9675,0.83,1.0,20
1818,0.9675,0.83,1.0,20
1819,0.9674999999999999,0.83,1.0,20
1820,0.9669999999999999,0.83,1.0,20
1821,0.9669999999999999,0.83,1.0,20
1822,0.968,0.83,1.0,20
1823,0.967,0.83,1.0,20
1824,0.967,0.83,1.0,20
1825,0.967,0.83,1.0,20
1826,0.9664999999999999,0.83,1.0,20
1827,0.9664999999999999,0.83,1.0,20
1828,0.9664999999999999,0.83,1.0,20
1829,0.9659999999999999,0.83,1.0,20
1830,0.967,0.83,1.0,20
1831,0.967,0.83,1.0,20
1832,0.9675,0.83,1.0,20
1833,0.968,0.83,1.0,20
1834,0.968,0.83,1.0,20
1835,0.968,0.83,1.0,20
1836,0.968,0.83,1.0,20
1837,0.967,0.83,1.0,20
1838,0.966,0.83,1.0,20
1839,0.966,0.83,1.0,20
1840,0.966,0.83,1.0,20
1841,0.9649999999999999,0.83,1.0,20
1842,0.9644999999999999,0.83,1.0,20
1843,0.9639999999999999,0.83,1.0,20
1844,0.9635,0.83,1.0,20
1845,0.9629999999999999,0.83,1.0,20
1846,0.9625,0.82,1.0,20
1847,0.962,0.81,1.0,20
1848,0.9615,0.8,1.0,20
1849,0.961,0.79,1.0,20
1850,0.9605,0.79,1.0,20
1851,0.96,0.79,1.0,20
1852,0.9589999999999999,0.79,1.0,20
1853,0.9574999999999999,0.78,1.0,20
1854,0.9574999999999999,0.78,1.0,20
1855,0.9569999999999999,0.77,1.0,20
1856,0.9559999999999998,0.76,1.0,20
1857,0.954,0.75,1.0,20
1858,0.9525,0.74,1.0,20
1859,0.952,0.74,1.0,20
1860,0.951,0.74,1.0,20
1861,0.9505000000000001,0.73,1.0,20
1862,0.9484999999999999,0.72,1.0,20
1863,0.9479999999999998,0.71,1.0,20
1864,0.9464999999999998,0.7,1.0,20
1865,0.9455,0.69,1.0,20
1866,0.945,0.68,1.0,20
1867,0.9439999999999997,0.68,1.0,20
1868,0.9439999999999997,0.68,1.0,20
1869,0.9429999999999998,0.67,1.0,20
1870,0.9414999999999999,0.66,1.0,20
1871,0.9399999999999998,0.65,1.0,20
1872,0.9389999999999998,0.65,1.0,20
1873,0.938,0.65,1.0,20
1874,0.938,0.65,1.0,20
1875,0.9364999999999999,0.65,1.0,20
1876,0.9349999999999999,0.65,1.0,20
1877,0.9344999999999999,0.65,1.0,20
1878,0.9339999999999999,0.65,1.0,20
1879,0.9334999999999999,0.65,1.0,20
1880,0.9339999999999999,0.65,1.0,20
1881,0.9345000000000001,0.65,1.0,20
1882,0.9349999999999999,0.65,1.0,20
1883,0.9339999999999999,0.65,1.0,20
1884,0.933,0.65,1.0,20
1885,0.9324999999999999,0.65,1.0,20
1886,0.933,0.65,1.0,20
1887,0.9335000000000001,0.65,1.0,20
1888,0.9334999999999999,0.65,1.0,20
1889,0.9325000000000001,0.65,1.0,20
1890,0.9315,0.65,1.0,20
1891,0.9310000000000003,0.65,1.0,20
1892,0.9315000000000001,0.65,1.0,20
1893,0.9315000000000001,0.65,1.0,20
1894,0.931,0.65,1.0,20
1895,0.931,0.66,1.0,20
1896,0.931,0.67,1.0,20
1897,0.932,0.68,1.0,20
1898,0.9320000000000002,0.69,1.0,20
1899,0.9315000000000001,0.7,1.0,20
1900,0.932,0.71,1.0,20
1901,0.9324999999999999,0.72,1.0,20
1902,0.933,0.73,1.0,20
1903,0.9335000000000001,0.74,1.0,20
1904,0.9339999999999999,0.75,1.0,20
1905,0.9339999999999999,0.76,1.0,20
1906,0.9345000000000001,0.77,1.0,20
1907,0.9355,0.78,1.0,20
1908,0.9359999999999999,0.79,1.0,20
1909,0.9369999999999999,0.8,1.0,20
1910,0.9369999999999999,0.81,1.0,20
1911,0.9369999999999999,0.81,1.0,20
1912,0.9369999999999999,0.81,1.0,20
1913,0.9369999999999999,0.81,1.0,20
1914,0.938,0.81,1.0,20
1915,0.9395,0.82,1.0,20
1916,0.9400000000000001,0.82,1.0,20
1917,0.9400000000000001,0.82,1.0,20
1918,0.9405000000000001,0.82,1.0,20
1919,0.9400000000000001,0.81,1.0,20
1920,0.9405000000000001,0.82,1.0,20
1921,0.9414999999999999,0.82,1.0,20
1922,0.9410000000000001,0.82,1.0,20
1923,0.942,0.82,1.0,20
1924,0.942,0.82,1.0,20
1925,0.9405000000000001,0.82,1.0,20
1926,0.9404999999999999,0.82,1.0,20
1927,0.9395,0.82,1.0,20
1928,0.9390000000000001,0.82,1.0,20
1929,0.9385,0.82,1.0,20
1930,0.9375,0.82,1.0,20
1931,0.9375,0.82,1.0,20
1932,0.9365,0.82,1.0,20
1933,0.9359999999999999,0.82,1.0,20
1934,0.9350000000000002,0.82,1.0,20
1935,0.9339999999999999,0.81,1.0,20
1936,0.933,0.8,1.0,20
1937,0.9330000000000002,0.8,1.0,20
1938,0.9335000000000001,0.8,1.0,20
1939,0.9335000000000001,0.8,1.0,20
1940,0.933,0.79,1.0,20
1941,0.9335000000000001,0.79,1.0,20
1942,0.933,0.78,1.0,20
1943,0.9325000000000001,0.77,1.0,20
1944,0.932,0.76,1.0,20
1945,0.9315000000000001,0.75,1.0,20
1946,0.931,0.74,1.0,20
1947,0.9305000000000001,0.73,1.0,20
1948,0.9305000000000001,0.72,1.0,20
1949,0.9305000000000001,0.71,1.0,20
1950,0.9305,0.7,1.0,20
1951,0.9305,0.69,1.0,20
1952,0.931,0.68,1.0,20
1953,0.9315,0.67,1.0,20
1954,0.931,0.66,1.0,20
1955,0.9295000000000002,0.65,1.0,20
1956,0.9285000000000002,0.64,1.0,20
1957,0.929,0.64,1.0,20
1958,0.929,0.64,1.0,20
1959,0.9285,0.64,1.0,20
1960,0.9280000000000002,0.65,1.0,20
1961,0.9275,0.64,1.0,20
1962,0.9285,0.64,1.0,20
1963,0.9280000000000002,0.63,1.0,20
1964,0.929,0.64,1.0,20
1965,0.9295,0.64,1.0,20
1966,0.9295,0.64,1.0,20
1967,0.93,0.64,1.0,20
1968,0.9289999999999999,0.64,1.0,20
1969,0.929,0.64,1.0,20
1970,0.9295000000000002,0.64,1.0,20
1971,0.9305000000000001,0.64,1.0,20
1972,0.9305000000000001,0.63,1.0,20
1973,0.9305,0.63,1.0,20
1974,0.93,0.63,1.0,20
1975,0.9295,0.64,1.0,20
1976,0.9305,0.65,1.0,20
1977,0.9305,0.65,1.0,20
1978,0.93,0.65,1.0,20
1979,0.929,0.64,1.0,20
1980,0.9280000000000003,0.63,1.0,20
1981,0.9269999999999999,0.62,1.0,20
1982,0.9259999999999999,0.61,1.0,20
1983,0.9255000000000001,0.6,1.0,20
1984,0.925,0.59,1.0,20
1985,0.925,0.59,1.0,20
1986,0.924,0.59,1.0,20
1987,0.923,0.59,1.0,20
1988,0.9225,0.59,1.0,20
1989,0.9225,0.59,1.0,20
1990,0.9235,0.59,1.0,20
1991,0.9244999999999999,0.59,1.0,20
1992,0.9244999999999999,0.59,1.0,20
1993,0.9229999999999998,0.59,1.0,20
1994,0.9224999999999998,0.59,1.0,20
1995,0.9219999999999999,0.59,1.0,20
1996,0.9219999999999999,0.59,1.0,20
1997,0.9204999999999999,0.59,1.0,20
1998,0.9205,0.59,1.0,20
1999,0.9209999999999999,0.59,1.0,20
2000,0.9204999999999999,0.59,1.0,20
