"train/episode","sac - train/success_rate","sac - train/success_rate__MIN","sac - train/success_rate__MAX","sac - _step","sac - _step__MIN","sac - _step__MAX"
"1","0","0","0","1","1","1"
"2","0","0","0","2","2","2"
"3","0","0","0","3","3","3"
"4","0","0","0","4","4","4"
"5","0","0","0","5","5","5"
"6","0","0","0","6","6","6"
"7","0","0","0","7","7","7"
"8","0","0","0","8","8","8"
"9","0","0","0","9","9","9"
"10","0","0","0","10","10","10"
"11","0","0","0","11","11","11"
"12","0","0","0","12","12","12"
"13","0","0","0","13","13","13"
"14","0","0","0","14","14","14"
"15","0","0","0","15","15","15"
"16","0","0","0","16","16","16"
"17","0","0","0","17","17","17"
"18","0","0","0","18","18","18"
"19","0","0","0","19","19","19"
"20","0","0","0","20","20","20"
"21","0","0","0","21","21","21"
"22","0","0","0","22","22","22"
"23","0","0","0","23","23","23"
"24","0","0","0","24","24","24"
"25","0","0","0","25","25","25"
"26","0","0","0","26","26","26"
"27","0","0","0","27","27","27"
"28","0","0","0","28","28","28"
"29","0","0","0","29","29","29"
"30","0","0","0","30","30","30"
"31","0","0","0","31","31","31"
"32","0","0","0","32","32","32"
"33","0","0","0","33","33","33"
"34","0","0","0","34","34","34"
"35","0","0","0","35","35","35"
"36","0","0","0","36","36","36"
"37","0","0","0","37","37","37"
"38","0","0","0","38","38","38"
"39","0","0","0","39","39","39"
"40","0","0","0","40","40","40"
"41","0","0","0","41","41","41"
"42","0","0","0","42","42","42"
"43","0","0","0","43","43","43"
"44","0","0","0","44","44","44"
"45","0","0","0","45","45","45"
"46","0","0","0","46","46","46"
"47","0","0","0","47","47","47"
"48","0","0","0","48","48","48"
"49","0","0","0","49","49","49"
"50","0","0","0","50","50","50"
"51","0","0","0","51","51","51"
"52","0","0","0","52","52","52"
"53","0","0","0","53","53","53"
"54","0","0","0","54","54","54"
"55","0","0","0","55","55","55"
"56","0","0","0","56","56","56"
"57","0","0","0","57","57","57"
"58","0","0","0","58","58","58"
"59","0","0","0","59","59","59"
"60","0","0","0","60","60","60"
"61","0","0","0","61","61","61"
"62","0","0","0","62","62","62"
"63","0","0","0","63","63","63"
"64","0","0","0","64","64","64"
"65","0","0","0","65","65","65"
"66","0","0","0","66","66","66"
"67","0","0","0","67","67","67"
"68","0","0","0","68","68","68"
"69","0","0","0","69","69","69"
"70","0","0","0","70","70","70"
"71","0","0","0","71","71","71"
"72","0","0","0","72","72","72"
"73","0","0","0","73","73","73"
"74","0","0","0","74","74","74"
"75","0","0","0","75","75","75"
"76","0","0","0","76","76","76"
"77","0","0","0","77","77","77"
"78","0","0","0","78","78","78"
"79","0","0","0","79","79","79"
"80","0","0","0","80","80","80"
"81","0","0","0","81","81","81"
"82","0","0","0","82","82","82"
"83","0","0","0","83","83","83"
"84","0","0","0","84","84","84"
"85","0","0","0","85","85","85"
"86","0","0","0","86","86","86"
"87","0","0","0","87","87","87"
"88","0","0","0","88","88","88"
"89","0","0","0","89","89","89"
"90","0","0","0","90","90","90"
"91","0","0","0","91","91","91"
"92","0","0","0","92","92","92"
"93","0","0","0","93","93","93"
"94","0","0","0","94","94","94"
"95","0","0","0","95","95","95"
"96","0","0","0","96","96","96"
"97","0","0","0","97","97","97"
"98","0","0","0","98","98","98"
"99","0","0","0","99","99","99"
"100","0","0","0","100","100","100"
"101","0","0","0","101","101","101"
"102","0","0","0","102","102","102"
"103","0","0","0","103","103","103"
"104","0","0","0","104","104","104"
"105","0","0","0","105","105","105"
"106","0","0","0","106","106","106"
"107","0","0","0","107","107","107"
"108","0","0","0","108","108","108"
"109","0","0","0","109","109","109"
"110","0","0","0","110","110","110"
"111","0","0","0","111","111","111"
"112","0","0","0","112","112","112"
"113","0","0","0","113","113","113"
"114","0","0","0","114","114","114"
"115","0","0","0","115","115","115"
"116","0","0","0","116","116","116"
"117","0","0","0","117","117","117"
"118","0","0","0","118","118","118"
"119","0","0","0","119","119","119"
"120","0","0","0","120","120","120"
"121","0","0","0","121","121","121"
"122","0","0","0","122","122","122"
"123","0","0","0","123","123","123"
"124","0","0","0","124","124","124"
"125","0","0","0","125","125","125"
"126","0","0","0","126","126","126"
"127","0","0","0","127","127","127"
"128","0","0","0","128","128","128"
"129","0","0","0","129","129","129"
"130","0","0","0","130","130","130"
"131","0","0","0","131","131","131"
"132","0","0","0","132","132","132"
"133","0","0","0","133","133","133"
"134","0","0","0","134","134","134"
"135","0","0","0","135","135","135"
"136","0","0","0","136","136","136"
"137","0","0","0","137","137","137"
"138","0","0","0","138","138","138"
"139","0","0","0","139","139","139"
"140","0","0","0","140","140","140"
"141","0","0","0","141","141","141"
"142","0","0","0","142","142","142"
"143","0","0","0","143","143","143"
"144","0","0","0","144","144","144"
"145","0","0","0","145","145","145"
"146","0","0","0","146","146","146"
"147","0","0","0","147","147","147"
"148","0","0","0","148","148","148"
"149","0","0","0","149","149","149"
"150","0","0","0","150","150","150"
"151","0","0","0","151","151","151"
"152","0","0","0","152","152","152"
"153","0","0","0","153","153","153"
"154","0","0","0","154","154","154"
"155","0","0","0","155","155","155"
"156","0","0","0","156","156","156"
"157","0","0","0","157","157","157"
"158","0","0","0","158","158","158"
"159","0","0","0","159","159","159"
"160","0","0","0","160","160","160"
"161","0","0","0","161","161","161"
"162","0","0","0","162","162","162"
"163","0","0","0","163","163","163"
"164","0","0","0","164","164","164"
"165","0","0","0","165","165","165"
"166","0","0","0","166","166","166"
"167","0","0","0","167","167","167"
"168","0","0","0","168","168","168"
"169","0","0","0","169","169","169"
"170","0","0","0","170","170","170"
"171","0","0","0","171","171","171"
"172","0","0","0","172","172","172"
"173","0","0","0","173","173","173"
"174","0","0","0","174","174","174"
"175","0","0","0","175","175","175"
"176","0","0","0","176","176","176"
"177","0","0","0","177","177","177"
"178","0","0","0","178","178","178"
"179","0","0","0","179","179","179"
"180","0","0","0","180","180","180"
"181","0","0","0","181","181","181"
"182","0","0","0","182","182","182"
"183","0","0","0","183","183","183"
"184","0","0","0","184","184","184"
"185","0","0","0","185","185","185"
"186","0","0","0","186","186","186"
"187","0","0","0","187","187","187"
"188","0","0","0","188","188","188"
"189","0","0","0","189","189","189"
"190","0","0","0","190","190","190"
"191","0","0","0","191","191","191"
"192","0","0","0","192","192","192"
"193","0","0","0","193","193","193"
"194","0","0","0","194","194","194"
"195","0","0","0","195","195","195"
"196","0","0","0","196","196","196"
"197","0","0","0","197","197","197"
"198","0","0","0","198","198","198"
"199","0","0","0","199","199","199"
"200","0","0","0","200","200","200"
"201","0","0","0","201","201","201"
"202","0","0","0","202","202","202"
"203","0","0","0","203","203","203"
"204","0","0","0","204","204","204"
"205","0","0","0","205","205","205"
"206","0","0","0","206","206","206"
"207","0","0","0","207","207","207"
"208","0","0","0","208","208","208"
"209","0","0","0","209","209","209"
"210","0","0","0","210","210","210"
"211","0","0","0","211","211","211"
"212","0","0","0","212","212","212"
"213","0","0","0","213","213","213"
"214","0","0","0","214","214","214"
"215","0","0","0","215","215","215"
"216","0","0","0","216","216","216"
"217","0","0","0","217","217","217"
"218","0","0","0","218","218","218"
"219","0","0","0","219","219","219"
"220","0","0","0","220","220","220"
"221","0","0","0","221","221","221"
"222","0","0","0","222","222","222"
"223","0","0","0","223","223","223"
"224","0","0","0","224","224","224"
"225","0","0","0","225","225","225"
"226","0","0","0","226","226","226"
"227","0","0","0","227","227","227"
"228","0","0","0","228","228","228"
"229","0","0","0","229","229","229"
"230","0","0","0","230","230","230"
"231","0","0","0","231","231","231"
"232","0","0","0","232","232","232"
"233","0","0","0","233","233","233"
"234","0","0","0","234","234","234"
"235","0","0","0","235","235","235"
"236","0","0","0","236","236","236"
"237","0","0","0","237","237","237"
"238","0","0","0","238","238","238"
"239","0","0","0","239","239","239"
"240","0","0","0","240","240","240"
"241","0","0","0","241","241","241"
"242","0","0","0","242","242","242"
"243","0","0","0","243","243","243"
"244","0","0","0","244","244","244"
"245","0","0","0","245","245","245"
"246","0","0","0","246","246","246"
"247","0","0","0","247","247","247"
"248","0","0","0","248","248","248"
"249","0","0","0","249","249","249"
"250","0","0","0","250","250","250"
"251","0","0","0","251","251","251"
"252","0","0","0","252","252","252"
"253","0","0","0","253","253","253"
"254","0","0","0","254","254","254"
"255","0","0","0","255","255","255"
"256","0","0","0","256","256","256"
"257","0","0","0","257","257","257"
"258","0","0","0","258","258","258"
"259","0","0","0","259","259","259"
"260","0","0","0","260","260","260"
"261","0","0","0","261","261","261"
"262","0","0","0","262","262","262"
"263","0","0","0","263","263","263"
"264","0","0","0","264","264","264"
"265","0","0","0","265","265","265"
"266","0","0","0","266","266","266"
"267","0","0","0","267","267","267"
"268","0","0","0","268","268","268"
"269","0","0","0","269","269","269"
"270","0","0","0","270","270","270"
"271","0","0","0","271","271","271"
"272","0","0","0","272","272","272"
"273","0","0","0","273","273","273"
"274","0","0","0","274","274","274"
"275","0","0","0","275","275","275"
"276","0","0","0","276","276","276"
"277","0","0","0","277","277","277"
"278","0","0","0","278","278","278"
"279","0","0","0","279","279","279"
"280","0","0","0","280","280","280"
"281","0","0","0","281","281","281"
"282","0","0","0","282","282","282"
"283","0","0","0","283","283","283"
"284","0","0","0","284","284","284"
"285","0","0","0","285","285","285"
"286","0","0","0","286","286","286"
"287","0","0","0","287","287","287"
"288","0","0","0","288","288","288"
"289","0","0","0","289","289","289"
"290","0","0","0","290","290","290"
"291","0","0","0","291","291","291"
"292","0","0","0","292","292","292"
"293","0","0","0","293","293","293"
"294","0","0","0","294","294","294"
"295","0","0","0","295","295","295"
"296","0","0","0","296","296","296"
"297","0","0","0","297","297","297"
"298","0","0","0","298","298","298"
"299","0","0","0","299","299","299"
"300","0","0","0","300","300","300"
"301","0","0","0","301","301","301"
"302","0","0","0","302","302","302"
"303","0","0","0","303","303","303"
"304","0","0","0","304","304","304"
"305","0","0","0","305","305","305"
"306","0","0","0","306","306","306"
"307","0","0","0","307","307","307"
"308","0","0","0","308","308","308"
"309","0","0","0","309","309","309"
"310","0","0","0","310","310","310"
"311","0","0","0","311","311","311"
"312","0","0","0","312","312","312"
"313","0","0","0","313","313","313"
"314","0","0","0","314","314","314"
"315","0","0","0","315","315","315"
"316","0","0","0","316","316","316"
"317","0","0","0","317","317","317"
"318","0","0","0","318","318","318"
"319","0","0","0","319","319","319"
"320","0","0","0","320","320","320"
"321","0","0","0","321","321","321"
"322","0","0","0","322","322","322"
"323","0","0","0","323","323","323"
"324","0","0","0","324","324","324"
"325","0","0","0","325","325","325"
"326","0","0","0","326","326","326"
"327","0","0","0","327","327","327"
"328","0","0","0","328","328","328"
"329","0","0","0","329","329","329"
"330","0","0","0","330","330","330"
"331","0","0","0","331","331","331"
"332","0","0","0","332","332","332"
"333","0","0","0","333","333","333"
"334","0","0","0","334","334","334"
"335","0","0","0","335","335","335"
"336","0","0","0","336","336","336"
"337","0","0","0","337","337","337"
"338","0","0","0","338","338","338"
"339","0","0","0","339","339","339"
"340","0","0","0","340","340","340"
"341","0","0","0","341","341","341"
"342","0","0","0","342","342","342"
"343","0","0","0","343","343","343"
"344","0","0","0","344","344","344"
"345","0","0","0","345","345","345"
"346","0","0","0","346","346","346"
"347","0","0","0","347","347","347"
"348","0","0","0","348","348","348"
"349","0","0","0","349","349","349"
"350","0","0","0","350","350","350"
"351","0","0","0","351","351","351"
"352","0","0","0","352","352","352"
"353","0","0","0","353","353","353"
"354","0","0","0","354","354","354"
"355","0","0","0","355","355","355"
"356","0","0","0","356","356","356"
"357","0","0","0","357","357","357"
"358","0","0","0","358","358","358"
"359","0","0","0","359","359","359"
"360","0","0","0","360","360","360"
"361","0","0","0","361","361","361"
"362","0","0","0","362","362","362"
"363","0","0","0","363","363","363"
"364","0","0","0","364","364","364"
"365","0","0","0","365","365","365"
"366","0","0","0","366","366","366"
"367","0","0","0","367","367","367"
"368","0","0","0","368","368","368"
"369","0","0","0","369","369","369"
"370","0","0","0","370","370","370"
"371","0","0","0","371","371","371"
"372","0","0","0","372","372","372"
"373","0","0","0","373","373","373"
"374","0","0","0","374","374","374"
"375","0","0","0","375","375","375"
"376","0","0","0","376","376","376"
"377","0","0","0","377","377","377"
"378","0","0","0","378","378","378"
"379","0","0","0","379","379","379"
"380","0","0","0","380","380","380"
"381","0","0","0","381","381","381"
"382","0","0","0","382","382","382"
"383","0","0","0","383","383","383"
"384","0","0","0","384","384","384"
"385","0","0","0","385","385","385"
"386","0","0","0","386","386","386"
"387","0","0","0","387","387","387"
"388","0","0","0","388","388","388"
"389","0","0","0","389","389","389"
"390","0","0","0","390","390","390"
"391","0","0","0","391","391","391"
"392","0","0","0","392","392","392"
"393","0","0","0","393","393","393"
"394","0","0","0","394","394","394"
"395","0","0","0","395","395","395"
"396","0","0","0","396","396","396"
"397","0","0","0","397","397","397"
"398","0","0","0","398","398","398"
"399","0","0","0","399","399","399"
"400","0","0","0","400","400","400"
"401","0","0","0","401","401","401"
"402","0","0","0","402","402","402"
"403","0","0","0","403","403","403"
"404","0","0","0","404","404","404"
"405","0","0","0","405","405","405"
"406","0","0","0","406","406","406"
"407","0","0","0","407","407","407"
"408","0","0","0","408","408","408"
"409","0","0","0","409","409","409"
"410","0","0","0","410","410","410"
"411","0","0","0","411","411","411"
"412","0","0","0","412","412","412"
"413","0","0","0","413","413","413"
"414","0","0","0","414","414","414"
"415","0","0","0","415","415","415"
"416","0","0","0","416","416","416"
"417","0","0","0","417","417","417"
"418","0","0","0","418","418","418"
"419","0","0","0","419","419","419"
"420","0","0","0","420","420","420"
"421","0","0","0","421","421","421"
"422","0","0","0","422","422","422"
"423","0","0","0","423","423","423"
"424","0","0","0","424","424","424"
"425","0","0","0","425","425","425"
"426","0","0","0","426","426","426"
"427","0","0","0","427","427","427"
"428","0","0","0","428","428","428"
"429","0","0","0","429","429","429"
"430","0","0","0","430","430","430"
"431","0","0","0","431","431","431"
"432","0","0","0","432","432","432"
"433","0","0","0","433","433","433"
"434","0","0","0","434","434","434"
"435","0","0","0","435","435","435"
"436","0","0","0","436","436","436"
"437","0","0","0","437","437","437"
"438","0","0","0","438","438","438"
"439","0","0","0","439","439","439"
"440","0","0","0","440","440","440"
"441","0","0","0","441","441","441"
"442","0","0","0","442","442","442"
"443","0","0","0","443","443","443"
"444","0","0","0","444","444","444"
"445","0","0","0","445","445","445"
"446","0","0","0","446","446","446"
"447","0","0","0","447","447","447"
"448","0","0","0","448","448","448"
"449","0","0","0","449","449","449"
"450","0","0","0","450","450","450"
"451","0","0","0","451","451","451"
"452","0","0","0","452","452","452"
"453","0","0","0","453","453","453"
"454","0","0","0","454","454","454"
"455","0","0","0","455","455","455"
"456","0","0","0","456","456","456"
"457","0","0","0","457","457","457"
"458","0","0","0","458","458","458"
"459","0","0","0","459","459","459"
"460","0","0","0","460","460","460"
"461","0","0","0","461","461","461"
"462","0","0","0","462","462","462"
"463","0","0","0","463","463","463"
"464","0","0","0","464","464","464"
"465","0","0","0","465","465","465"
"466","0","0","0","466","466","466"
"467","0","0","0","467","467","467"
"468","0","0","0","468","468","468"
"469","0","0","0","469","469","469"
"470","0","0","0","470","470","470"
"471","0","0","0","471","471","471"
"472","0","0","0","472","472","472"
"473","0","0","0","473","473","473"
"474","0","0","0","474","474","474"
"475","0","0","0","475","475","475"
"476","0","0","0","476","476","476"
"477","0","0","0","477","477","477"
"478","0","0","0","478","478","478"
"479","0","0","0","479","479","479"
"480","0","0","0","480","480","480"
"481","0","0","0","481","481","481"
"482","0","0","0","482","482","482"
"483","0","0","0","483","483","483"
"484","0","0","0","484","484","484"
"485","0","0","0","485","485","485"
"486","0","0","0","486","486","486"
"487","0","0","0","487","487","487"
"488","0","0","0","488","488","488"
"489","0","0","0","489","489","489"
"490","0","0","0","490","490","490"
"491","0","0","0","491","491","491"
"492","0","0","0","492","492","492"
"493","0","0","0","493","493","493"
"494","0","0","0","494","494","494"
"495","0","0","0","495","495","495"
"496","0","0","0","496","496","496"
"497","0","0","0","497","497","497"
"498","0","0","0","498","498","498"
"499","0","0","0","499","499","499"
"500","0","0","0","500","500","500"
"501","0","0","0","501","501","501"
"502","0","0","0","502","502","502"
"503","0","0","0","503","503","503"
"504","0","0","0","504","504","504"
"505","0","0","0","505","505","505"
"506","0","0","0","506","506","506"
"507","0","0","0","507","507","507"
"508","0","0","0","508","508","508"
"509","0","0","0","509","509","509"
"510","0","0","0","510","510","510"
"511","0","0","0","511","511","511"
"512","0","0","0","512","512","512"
"513","0","0","0","513","513","513"
"514","0","0","0","514","514","514"
"515","0","0","0","515","515","515"
"516","0","0","0","516","516","516"
"517","0","0","0","517","517","517"
"518","0","0","0","518","518","518"
"519","0","0","0","519","519","519"
"520","0","0","0","520","520","520"
"521","0","0","0","521","521","521"
"522","0","0","0","522","522","522"
"523","0","0","0","523","523","523"
"524","0","0","0","524","524","524"
"525","0","0","0","525","525","525"
"526","0","0","0","526","526","526"
"527","0","0","0","527","527","527"
"528","0","0","0","528","528","528"
"529","0","0","0","529","529","529"
"530","0","0","0","530","530","530"
"531","0","0","0","531","531","531"
"532","0","0","0","532","532","532"
"533","0","0","0","533","533","533"
"534","0","0","0","534","534","534"
"535","0","0","0","535","535","535"
"536","0","0","0","536","536","536"
"537","0","0","0","537","537","537"
"538","0","0","0","538","538","538"
"539","0","0","0","539","539","539"
"540","0","0","0","540","540","540"
"541","0","0","0","541","541","541"
"542","0","0","0","542","542","542"
"543","0","0","0","543","543","543"
"544","0","0","0","544","544","544"
"545","0","0","0","545","545","545"
"546","0","0","0","546","546","546"
"547","0","0","0","547","547","547"
"548","0","0","0","548","548","548"
"549","0","0","0","549","549","549"
"550","0","0","0","550","550","550"
"551","0","0","0","551","551","551"
"552","0","0","0","552","552","552"
"553","0","0","0","553","553","553"
"554","0","0","0","554","554","554"
"555","0","0","0","555","555","555"
"556","0","0","0","556","556","556"
"557","0","0","0","557","557","557"
"558","0","0","0","558","558","558"
"559","0","0","0","559","559","559"
"560","0","0","0","560","560","560"
"561","0","0","0","561","561","561"
"562","0","0","0","562","562","562"
"563","0","0","0","563","563","563"
"564","0","0","0","564","564","564"
"565","0","0","0","565","565","565"
"566","0","0","0","566","566","566"
"567","0","0","0","567","567","567"
"568","0","0","0","568","568","568"
"569","0","0","0","569","569","569"
"570","0","0","0","570","570","570"
"571","0","0","0","571","571","571"
"572","0","0","0","572","572","572"
"573","0","0","0","573","573","573"
"574","0","0","0","574","574","574"
"575","0","0","0","575","575","575"
"576","0","0","0","576","576","576"
"577","0","0","0","577","577","577"
"578","0","0","0","578","578","578"
"579","0","0","0","579","579","579"
"580","0","0","0","580","580","580"
"581","0","0","0","581","581","581"
"582","0","0","0","582","582","582"
"583","0","0","0","583","583","583"
"584","0","0","0","584","584","584"
"585","0","0","0","585","585","585"
"586","0","0","0","586","586","586"
"587","0","0","0","587","587","587"
"588","0","0","0","588","588","588"
"589","0","0","0","589","589","589"
"590","0","0","0","590","590","590"
"591","0","0","0","591","591","591"
"592","0","0","0","592","592","592"
"593","0","0","0","593","593","593"
"594","0","0","0","594","594","594"
"595","0","0","0","595","595","595"
"596","0","0","0","596","596","596"
"597","0","0","0","597","597","597"
"598","0","0","0","598","598","598"
"599","0","0","0","599","599","599"
"600","0","0","0","600","600","600"
"601","0","0","0","601","601","601"
"602","0","0","0","602","602","602"
"603","0","0","0","603","603","603"
"604","0","0","0","604","604","604"
"605","0","0","0","605","605","605"
"606","0","0","0","606","606","606"
"607","0","0","0","607","607","607"
"608","0","0","0","608","608","608"
"609","0","0","0","609","609","609"
"610","0","0","0","610","610","610"
"611","0","0","0","611","611","611"
"612","0","0","0","612","612","612"
"613","0","0","0","613","613","613"
"614","0","0","0","614","614","614"
"615","0","0","0","615","615","615"
"616","0","0","0","616","616","616"
"617","0","0","0","617","617","617"
"618","0","0","0","618","618","618"
"619","0","0","0","619","619","619"
"620","0","0","0","620","620","620"
"621","0","0","0","621","621","621"
"622","0","0","0","622","622","622"
"623","0","0","0","623","623","623"
"624","0","0","0","624","624","624"
"625","0","0","0","625","625","625"
"626","0","0","0","626","626","626"
"627","0","0","0","627","627","627"
"628","0","0","0","628","628","628"
"629","0","0","0","629","629","629"
"630","0","0","0","630","630","630"
"631","0","0","0","631","631","631"
"632","0","0","0","632","632","632"
"633","0","0","0","633","633","633"
"634","0","0","0","634","634","634"
"635","0","0","0","635","635","635"
"636","0","0","0","636","636","636"
"637","0","0","0","637","637","637"
"638","0","0","0","638","638","638"
"639","0","0","0","639","639","639"
"640","0","0","0","640","640","640"
"641","0","0","0","641","641","641"
"642","0","0","0","642","642","642"
"643","0","0","0","643","643","643"
"644","0","0","0","644","644","644"
"645","0","0","0","645","645","645"
"646","0","0","0","646","646","646"
"647","0","0","0","647","647","647"
"648","0","0","0","648","648","648"
"649","0","0","0","649","649","649"
"650","0","0","0","650","650","650"
"651","0","0","0","651","651","651"
"652","0","0","0","652","652","652"
"653","0","0","0","653","653","653"
"654","0","0","0","654","654","654"
"655","0","0","0","655","655","655"
"656","0","0","0","656","656","656"
"657","0","0","0","657","657","657"
"658","0","0","0","658","658","658"
"659","0","0","0","659","659","659"
"660","0","0","0","660","660","660"
"661","0","0","0","661","661","661"
"662","0","0","0","662","662","662"
"663","0","0","0","663","663","663"
"664","0","0","0","664","664","664"
"665","0","0","0","665","665","665"
"666","0","0","0","666","666","666"
"667","0","0","0","667","667","667"
"668","0","0","0","668","668","668"
"669","0","0","0","669","669","669"
"670","0","0","0","670","670","670"
"671","0","0","0","671","671","671"
"672","0","0","0","672","672","672"
"673","0","0","0","673","673","673"
"674","0","0","0","674","674","674"
"675","0","0","0","675","675","675"
"676","0","0","0","676","676","676"
"677","0","0","0","677","677","677"
"678","0","0","0","678","678","678"
"679","0","0","0","679","679","679"
"680","0","0","0","680","680","680"
"681","0","0","0","681","681","681"
"682","0","0","0","682","682","682"
"683","0","0","0","683","683","683"
"684","0","0","0","684","684","684"
"685","0","0","0","685","685","685"
"686","0","0","0","686","686","686"
"687","0","0","0","687","687","687"
"688","0","0","0","688","688","688"
"689","0","0","0","689","689","689"
"690","0","0","0","690","690","690"
"691","0","0","0","691","691","691"
"692","0","0","0","692","692","692"
"693","0","0","0","693","693","693"
"694","0","0","0","694","694","694"
"695","0","0","0","695","695","695"
"696","0","0","0","696","696","696"
"697","0","0","0","697","697","697"
"698","0","0","0","698","698","698"
"699","0","0","0","699","699","699"
"700","0","0","0","700","700","700"
"701","0","0","0","701","701","701"
"702","0","0","0","702","702","702"
"703","0","0","0","703","703","703"
"704","0","0","0","704","704","704"
"705","0","0","0","705","705","705"
"706","0","0","0","706","706","706"
"707","0","0","0","707","707","707"
"708","0","0","0","708","708","708"
"709","0","0","0","709","709","709"
"710","0","0","0","710","710","710"
"711","0","0","0","711","711","711"
"712","0","0","0","712","712","712"
"713","0","0","0","713","713","713"
"714","0","0","0","714","714","714"
"715","0","0","0","715","715","715"
"716","0","0","0","716","716","716"
"717","0","0","0","717","717","717"
"718","0","0","0","718","718","718"
"719","0","0","0","719","719","719"
"720","0","0","0","720","720","720"
"721","0","0","0","721","721","721"
"722","0","0","0","722","722","722"
"723","0","0","0","723","723","723"
"724","0","0","0","724","724","724"
"725","0","0","0","725","725","725"
"726","0","0","0","726","726","726"
"727","0","0","0","727","727","727"
"728","0","0","0","728","728","728"
"729","0","0","0","729","729","729"
"730","0","0","0","730","730","730"
"731","0","0","0","731","731","731"
"732","0","0","0","732","732","732"
"733","0","0","0","733","733","733"
"734","0","0","0","734","734","734"
"735","0","0","0","735","735","735"
"736","0","0","0","736","736","736"
"737","0","0","0","737","737","737"
"738","0","0","0","738","738","738"
"739","0","0","0","739","739","739"
"740","0","0","0","740","740","740"
"741","0","0","0","741","741","741"
"742","0","0","0","742","742","742"
"743","0","0","0","743","743","743"
"744","0","0","0","744","744","744"
"745","0","0","0","745","745","745"
"746","0","0","0","746","746","746"
"747","0","0","0","747","747","747"
"748","0","0","0","748","748","748"
"749","0","0","0","749","749","749"
"750","0","0","0","750","750","750"
"751","0","0","0","751","751","751"
"752","0","0","0","752","752","752"
"753","0","0","0","753","753","753"
"754","0","0","0","754","754","754"
"755","0","0","0","755","755","755"
"756","0","0","0","756","756","756"
"757","0","0","0","757","757","757"
"758","0","0","0","758","758","758"
"759","0","0","0","759","759","759"
"760","0","0","0","760","760","760"
"761","0","0","0","761","761","761"
"762","0","0","0","762","762","762"
"763","0","0","0","763","763","763"
"764","0","0","0","764","764","764"
"765","0","0","0","765","765","765"
"766","0","0","0","766","766","766"
"767","0","0","0","767","767","767"
"768","0","0","0","768","768","768"
"769","0","0","0","769","769","769"
"770","0","0","0","770","770","770"
"771","0","0","0","771","771","771"
"772","0","0","0","772","772","772"
"773","0","0","0","773","773","773"
"774","0","0","0","774","774","774"
"775","0","0","0","775","775","775"
"776","0","0","0","776","776","776"
"777","0","0","0","777","777","777"
"778","0","0","0","778","778","778"
"779","0","0","0","779","779","779"
"780","0","0","0","780","780","780"
"781","0","0","0","781","781","781"
"782","0","0","0","782","782","782"
"783","0","0","0","783","783","783"
"784","0","0","0","784","784","784"
"785","0","0","0","785","785","785"
"786","0","0","0","786","786","786"
"787","0","0","0","787","787","787"
"788","0","0","0","788","788","788"
"789","0","0","0","789","789","789"
"790","0","0","0","790","790","790"
"791","0","0","0","791","791","791"
"792","0","0","0","792","792","792"
"793","0","0","0","793","793","793"
"794","0","0","0","794","794","794"
"795","0","0","0","795","795","795"
"796","0","0","0","796","796","796"
"797","0","0","0","797","797","797"
"798","0","0","0","798","798","798"
"799","0","0","0","799","799","799"
"800","0","0","0","800","800","800"
"801","0","0","0","801","801","801"
"802","0","0","0","802","802","802"
"803","0","0","0","803","803","803"
"804","0","0","0","804","804","804"
"805","0","0","0","805","805","805"
"806","0","0","0","806","806","806"
"807","0","0","0","807","807","807"
"808","0","0","0","808","808","808"
"809","0","0","0","809","809","809"
"810","0","0","0","810","810","810"
"811","0","0","0","811","811","811"
"812","0","0","0","812","812","812"
"813","0","0","0","813","813","813"
"814","0","0","0","814","814","814"
"815","0","0","0","815","815","815"
"816","0","0","0","816","816","816"
"817","0","0","0","817","817","817"
"818","0","0","0","818","818","818"
"819","0","0","0","819","819","819"
"820","0","0","0","820","820","820"
"821","0","0","0","821","821","821"
"822","0","0","0","822","822","822"
"823","0","0","0","823","823","823"
"824","0","0","0","824","824","824"
"825","0","0","0","825","825","825"
"826","0","0","0","826","826","826"
"827","0","0","0","827","827","827"
"828","0","0","0","828","828","828"
"829","0","0","0","829","829","829"
"830","0","0","0","830","830","830"
"831","0","0","0","831","831","831"
"832","0","0","0","832","832","832"
"833","0","0","0","833","833","833"
"834","0","0","0","834","834","834"
"835","0","0","0","835","835","835"
"836","0","0","0","836","836","836"
"837","0","0","0","837","837","837"
"838","0","0","0","838","838","838"
"839","0","0","0","839","839","839"
"840","0","0","0","840","840","840"
"841","0","0","0","841","841","841"
"842","0","0","0","842","842","842"
"843","0","0","0","843","843","843"
"844","0","0","0","844","844","844"
"845","0","0","0","845","845","845"
"846","0","0","0","846","846","846"
"847","0","0","0","847","847","847"
"848","0","0","0","848","848","848"
"849","0","0","0","849","849","849"
"850","0","0","0","850","850","850"
"851","0","0","0","851","851","851"
"852","0","0","0","852","852","852"
"853","0","0","0","853","853","853"
"854","0","0","0","854","854","854"
"855","0","0","0","855","855","855"
"856","0","0","0","856","856","856"
"857","0","0","0","857","857","857"
"858","0","0","0","858","858","858"
"859","0","0","0","859","859","859"
"860","0","0","0","860","860","860"
"861","0","0","0","861","861","861"
"862","0","0","0","862","862","862"
"863","0","0","0","863","863","863"
"864","0","0","0","864","864","864"
"865","0","0","0","865","865","865"
"866","0","0","0","866","866","866"
"867","0","0","0","867","867","867"
"868","0","0","0","868","868","868"
"869","0","0","0","869","869","869"
"870","0","0","0","870","870","870"
"871","0","0","0","871","871","871"
"872","0","0","0","872","872","872"
"873","0","0","0","873","873","873"
"874","0","0","0","874","874","874"
"875","0","0","0","875","875","875"
"876","0","0","0","876","876","876"
"877","0","0","0","877","877","877"
"878","0","0","0","878","878","878"
"879","0","0","0","879","879","879"
"880","0","0","0","880","880","880"
"881","0","0","0","881","881","881"
"882","0","0","0","882","882","882"
"883","0","0","0","883","883","883"
"884","0","0","0","884","884","884"
"885","0","0","0","885","885","885"
"886","0","0","0","886","886","886"
"887","0","0","0","887","887","887"
"888","0","0","0","888","888","888"
"889","0","0","0","889","889","889"
"890","0","0","0","890","890","890"
"891","0","0","0","891","891","891"
"892","0","0","0","892","892","892"
"893","0","0","0","893","893","893"
"894","0","0","0","894","894","894"
"895","0","0","0","895","895","895"
"896","0","0","0","896","896","896"
"897","0","0","0","897","897","897"
"898","0","0","0","898","898","898"
"899","0","0","0","899","899","899"
"900","0","0","0","900","900","900"
"901","0","0","0","901","901","901"
"902","0","0","0","902","902","902"
"903","0","0","0","903","903","903"
"904","0","0","0","904","904","904"
"905","0","0","0","905","905","905"
"906","0","0","0","906","906","906"
"907","0","0","0","907","907","907"
"908","0","0","0","908","908","908"
"909","0","0","0","909","909","909"
"910","0","0","0","910","910","910"
"911","0","0","0","911","911","911"
"912","0","0","0","912","912","912"
"913","0","0","0","913","913","913"
"914","0","0","0","914","914","914"
"915","0","0","0","915","915","915"
"916","0","0","0","916","916","916"
"917","0","0","0","917","917","917"
"918","0","0","0","918","918","918"
"919","0","0","0","919","919","919"
"920","0","0","0","920","920","920"
"921","0","0","0","921","921","921"
"922","0","0","0","922","922","922"
"923","0","0","0","923","923","923"
"924","0","0","0","924","924","924"
"925","0","0","0","925","925","925"
"926","0","0","0","926","926","926"
"927","0","0","0","927","927","927"
"928","0","0","0","928","928","928"
"929","0","0","0","929","929","929"
"930","0","0","0","930","930","930"
"931","0","0","0","931","931","931"
"932","0","0","0","932","932","932"
"933","0","0","0","933","933","933"
"934","0","0","0","934","934","934"
"935","0","0","0","935","935","935"
"936","0","0","0","936","936","936"
"937","0","0","0","937","937","937"
"938","0","0","0","938","938","938"
"939","0","0","0","939","939","939"
"940","0","0","0","940","940","940"
"941","0","0","0","941","941","941"
"942","0","0","0","942","942","942"
"943","0","0","0","943","943","943"
"944","0","0","0","944","944","944"
"945","0","0","0","945","945","945"
"946","0","0","0","946","946","946"
"947","0","0","0","947","947","947"
"948","0","0","0","948","948","948"
"949","0","0","0","949","949","949"
"950","0","0","0","950","950","950"
"951","0","0","0","951","951","951"
"952","0","0","0","952","952","952"
"953","0","0","0","953","953","953"
"954","0","0","0","954","954","954"
"955","0","0","0","955","955","955"
"956","0","0","0","956","956","956"
"957","0","0","0","957","957","957"
"958","0","0","0","958","958","958"
"959","0","0","0","959","959","959"
"960","0","0","0","960","960","960"
"961","0","0","0","961","961","961"
"962","0","0","0","962","962","962"
"963","0","0","0","963","963","963"
"964","0","0","0","964","964","964"
"965","0","0","0","965","965","965"
"966","0","0","0","966","966","966"
"967","0","0","0","967","967","967"
"968","0","0","0","968","968","968"
"969","0","0","0","969","969","969"
"970","0","0","0","970","970","970"
"971","0","0","0","971","971","971"
"972","0","0","0","972","972","972"
"973","0","0","0","973","973","973"
"974","0","0","0","974","974","974"
"975","0","0","0","975","975","975"
"976","0","0","0","976","976","976"
"977","0","0","0","977","977","977"
"978","0","0","0","978","978","978"
"979","0","0","0","979","979","979"
"980","0","0","0","980","980","980"
"981","0","0","0","981","981","981"
"982","0","0","0","982","982","982"
"983","0","0","0","983","983","983"
"984","0","0","0","984","984","984"
"985","0","0","0","985","985","985"
"986","0","0","0","986","986","986"
"987","0","0","0","987","987","987"
"988","0","0","0","988","988","988"
"989","0","0","0","989","989","989"
"990","0","0","0","990","990","990"
"991","0","0","0","991","991","991"
"992","0","0","0","992","992","992"
"993","0","0","0","993","993","993"
"994","0","0","0","994","994","994"
"995","0","0","0","995","995","995"
"996","0","0","0","996","996","996"
"997","0","0","0","997","997","997"
"998","0","0","0","998","998","998"
"999","0","0","0","999","999","999"
"1000","0","0","0","1000","1000","1000"
"1001","0","0","0","1001","1001","1001"
"1002","0","0","0","1002","1002","1002"
"1003","0","0","0","1003","1003","1003"
"1004","0","0","0","1004","1004","1004"
"1005","0","0","0","1005","1005","1005"
"1006","0","0","0","1006","1006","1006"
"1007","0","0","0","1007","1007","1007"
"1008","0","0","0","1008","1008","1008"
"1009","0","0","0","1009","1009","1009"
"1010","0","0","0","1010","1010","1010"
"1011","0","0","0","1011","1011","1011"
"1012","0","0","0","1012","1012","1012"
"1013","0","0","0","1013","1013","1013"
"1014","0","0","0","1014","1014","1014"
"1015","0","0","0","1015","1015","1015"
"1016","0","0","0","1016","1016","1016"
"1017","0","0","0","1017","1017","1017"
"1018","0","0","0","1018","1018","1018"
"1019","0","0","0","1019","1019","1019"
"1020","0","0","0","1020","1020","1020"
"1021","0","0","0","1021","1021","1021"
"1022","0","0","0","1022","1022","1022"
"1023","0","0","0","1023","1023","1023"
"1024","0","0","0","1024","1024","1024"
"1025","0","0","0","1025","1025","1025"
"1026","0","0","0","1026","1026","1026"
"1027","0","0","0","1027","1027","1027"
"1028","0","0","0","1028","1028","1028"
"1029","0","0","0","1029","1029","1029"
"1030","0","0","0","1030","1030","1030"
"1031","0","0","0","1031","1031","1031"
"1032","0","0","0","1032","1032","1032"
"1033","0","0","0","1033","1033","1033"
"1034","0","0","0","1034","1034","1034"
"1035","0","0","0","1035","1035","1035"
"1036","0","0","0","1036","1036","1036"
"1037","0","0","0","1037","1037","1037"
"1038","0","0","0","1038","1038","1038"
"1039","0","0","0","1039","1039","1039"
"1040","0","0","0","1040","1040","1040"
"1041","0","0","0","1041","1041","1041"
"1042","0","0","0","1042","1042","1042"
"1043","0","0","0","1043","1043","1043"
"1044","0","0","0","1044","1044","1044"
"1045","0","0","0","1045","1045","1045"
"1046","0","0","0","1046","1046","1046"
"1047","0","0","0","1047","1047","1047"
"1048","0","0","0","1048","1048","1048"
"1049","0","0","0","1049","1049","1049"
"1050","0","0","0","1050","1050","1050"
"1051","0","0","0","1051","1051","1051"
"1052","0","0","0","1052","1052","1052"
"1053","0","0","0","1053","1053","1053"
"1054","0","0","0","1054","1054","1054"
"1055","0","0","0","1055","1055","1055"
"1056","0","0","0","1056","1056","1056"
"1057","0","0","0","1057","1057","1057"
"1058","0","0","0","1058","1058","1058"
"1059","0","0","0","1059","1059","1059"
"1060","0","0","0","1060","1060","1060"
"1061","0","0","0","1061","1061","1061"
"1062","0","0","0","1062","1062","1062"
"1063","0","0","0","1063","1063","1063"
"1064","0","0","0","1064","1064","1064"
"1065","0","0","0","1065","1065","1065"
"1066","0","0","0","1066","1066","1066"
"1067","0","0","0","1067","1067","1067"
"1068","0","0","0","1068","1068","1068"
"1069","0","0","0","1069","1069","1069"
"1070","0","0","0","1070","1070","1070"
"1071","0","0","0","1071","1071","1071"
"1072","0","0","0","1072","1072","1072"
"1073","0","0","0","1073","1073","1073"
"1074","0","0","0","1074","1074","1074"
"1075","0","0","0","1075","1075","1075"
"1076","0","0","0","1076","1076","1076"
"1077","0","0","0","1077","1077","1077"
"1078","0","0","0","1078","1078","1078"
"1079","0","0","0","1079","1079","1079"
"1080","0","0","0","1080","1080","1080"
"1081","0","0","0","1081","1081","1081"
"1082","0","0","0","1082","1082","1082"
"1083","0","0","0","1083","1083","1083"
"1084","0","0","0","1084","1084","1084"
"1085","0","0","0","1085","1085","1085"
"1086","0","0","0","1086","1086","1086"
"1087","0","0","0","1087","1087","1087"
"1088","0","0","0","1088","1088","1088"
"1089","0","0","0","1089","1089","1089"
"1090","0","0","0","1090","1090","1090"
"1091","0","0","0","1091","1091","1091"
"1092","0","0","0","1092","1092","1092"
"1093","0","0","0","1093","1093","1093"
"1094","0","0","0","1094","1094","1094"
"1095","0","0","0","1095","1095","1095"
"1096","0","0","0","1096","1096","1096"
"1097","0","0","0","1097","1097","1097"
"1098","0","0","0","1098","1098","1098"
"1099","0","0","0","1099","1099","1099"
"1100","0","0","0","1100","1100","1100"
"1101","0","0","0","1101","1101","1101"
"1102","0","0","0","1102","1102","1102"
"1103","0","0","0","1103","1103","1103"
"1104","0","0","0","1104","1104","1104"
"1105","0","0","0","1105","1105","1105"
"1106","0","0","0","1106","1106","1106"
"1107","0","0","0","1107","1107","1107"
"1108","0","0","0","1108","1108","1108"
"1109","0","0","0","1109","1109","1109"
"1110","0","0","0","1110","1110","1110"
"1111","0","0","0","1111","1111","1111"
"1112","0","0","0","1112","1112","1112"
"1113","0","0","0","1113","1113","1113"
"1114","0","0","0","1114","1114","1114"
"1115","0","0","0","1115","1115","1115"
"1116","0","0","0","1116","1116","1116"
"1117","0","0","0","1117","1117","1117"
"1118","0","0","0","1118","1118","1118"
"1119","0","0","0","1119","1119","1119"
"1120","0","0","0","1120","1120","1120"
"1121","0","0","0","1121","1121","1121"
"1122","0","0","0","1122","1122","1122"
"1123","0","0","0","1123","1123","1123"
"1124","0","0","0","1124","1124","1124"
"1125","0","0","0","1125","1125","1125"
"1126","0","0","0","1126","1126","1126"
"1127","0","0","0","1127","1127","1127"
"1128","0","0","0","1128","1128","1128"
"1129","0","0","0","1129","1129","1129"
"1130","0","0","0","1130","1130","1130"
"1131","0","0","0","1131","1131","1131"
"1132","0","0","0","1132","1132","1132"
"1133","0","0","0","1133","1133","1133"
"1134","0","0","0","1134","1134","1134"
"1135","0","0","0","1135","1135","1135"
"1136","0","0","0","1136","1136","1136"
"1137","0","0","0","1137","1137","1137"
"1138","0","0","0","1138","1138","1138"
"1139","0","0","0","1139","1139","1139"
"1140","0","0","0","1140","1140","1140"
"1141","0","0","0","1141","1141","1141"
"1142","0","0","0","1142","1142","1142"
"1143","0","0","0","1143","1143","1143"
"1144","0","0","0","1144","1144","1144"
"1145","0","0","0","1145","1145","1145"
"1146","0","0","0","1146","1146","1146"
"1147","0","0","0","1147","1147","1147"
"1148","0","0","0","1148","1148","1148"
"1149","0","0","0","1149","1149","1149"
"1150","0","0","0","1150","1150","1150"
"1151","0","0","0","1151","1151","1151"
"1152","0","0","0","1152","1152","1152"
"1153","0","0","0","1153","1153","1153"
"1154","0","0","0","1154","1154","1154"
"1155","0","0","0","1155","1155","1155"
"1156","0","0","0","1156","1156","1156"
"1157","0","0","0","1157","1157","1157"
"1158","0","0","0","1158","1158","1158"
"1159","0","0","0","1159","1159","1159"
"1160","0","0","0","1160","1160","1160"
"1161","0","0","0","1161","1161","1161"
"1162","0","0","0","1162","1162","1162"
"1163","0","0","0","1163","1163","1163"
"1164","0","0","0","1164","1164","1164"
"1165","0","0","0","1165","1165","1165"
"1166","0","0","0","1166","1166","1166"
"1167","0","0","0","1167","1167","1167"
"1168","0","0","0","1168","1168","1168"
"1169","0","0","0","1169","1169","1169"
"1170","0","0","0","1170","1170","1170"
"1171","0","0","0","1171","1171","1171"
"1172","0","0","0","1172","1172","1172"
"1173","0","0","0","1173","1173","1173"
"1174","0","0","0","1174","1174","1174"
"1175","0","0","0","1175","1175","1175"
"1176","0","0","0","1176","1176","1176"
"1177","0","0","0","1177","1177","1177"
"1178","0","0","0","1178","1178","1178"
"1179","0","0","0","1179","1179","1179"
"1180","0","0","0","1180","1180","1180"
"1181","0","0","0","1181","1181","1181"
"1182","0","0","0","1182","1182","1182"
"1183","0","0","0","1183","1183","1183"
"1184","0","0","0","1184","1184","1184"
"1185","0","0","0","1185","1185","1185"
"1186","0","0","0","1186","1186","1186"
"1187","0","0","0","1187","1187","1187"
"1188","0","0","0","1188","1188","1188"
"1189","0","0","0","1189","1189","1189"
"1190","0","0","0","1190","1190","1190"
"1191","0","0","0","1191","1191","1191"
"1192","0","0","0","1192","1192","1192"
"1193","0","0","0","1193","1193","1193"
"1194","0","0","0","1194","1194","1194"
"1195","0","0","0","1195","1195","1195"
"1196","0","0","0","1196","1196","1196"
"1197","0","0","0","1197","1197","1197"
"1198","0","0","0","1198","1198","1198"
"1199","0","0","0","1199","1199","1199"
"1200","0","0","0","1200","1200","1200"
"1201","0","0","0","1201","1201","1201"
"1202","0","0","0","1202","1202","1202"
"1203","0","0","0","1203","1203","1203"
"1204","0","0","0","1204","1204","1204"
"1205","0","0","0","1205","1205","1205"
"1206","0","0","0","1206","1206","1206"
"1207","0","0","0","1207","1207","1207"
"1208","0","0","0","1208","1208","1208"
"1209","0","0","0","1209","1209","1209"
"1210","0","0","0","1210","1210","1210"
"1211","0","0","0","1211","1211","1211"
"1212","0","0","0","1212","1212","1212"
"1213","0","0","0","1213","1213","1213"
"1214","0","0","0","1214","1214","1214"
"1215","0","0","0","1215","1215","1215"
"1216","0","0","0","1216","1216","1216"
"1217","0","0","0","1217","1217","1217"
"1218","0","0","0","1218","1218","1218"
"1219","0","0","0","1219","1219","1219"
"1220","0","0","0","1220","1220","1220"
"1221","0","0","0","1221","1221","1221"
"1222","0","0","0","1222","1222","1222"
"1223","0","0","0","1223","1223","1223"
"1224","0","0","0","1224","1224","1224"
"1225","0","0","0","1225","1225","1225"
"1226","0","0","0","1226","1226","1226"
"1227","0","0","0","1227","1227","1227"
"1228","0","0","0","1228","1228","1228"
"1229","0","0","0","1229","1229","1229"
"1230","0","0","0","1230","1230","1230"
"1231","0","0","0","1231","1231","1231"
"1232","0","0","0","1232","1232","1232"
"1233","0","0","0","1233","1233","1233"
"1234","0","0","0","1234","1234","1234"
"1235","0","0","0","1235","1235","1235"
"1236","0","0","0","1236","1236","1236"
"1237","0","0","0","1237","1237","1237"
"1238","0","0","0","1238","1238","1238"
"1239","0","0","0","1239","1239","1239"
"1240","0","0","0","1240","1240","1240"
"1241","0","0","0","1241","1241","1241"
"1242","0","0","0","1242","1242","1242"
"1243","0","0","0","1243","1243","1243"
"1244","0","0","0","1244","1244","1244"
"1245","0","0","0","1245","1245","1245"
"1246","0","0","0","1246","1246","1246"
"1247","0","0","0","1247","1247","1247"
"1248","0","0","0","1248","1248","1248"
"1249","0","0","0","1249","1249","1249"
"1250","0","0","0","1250","1250","1250"
"1251","0","0","0","1251","1251","1251"
"1252","0","0","0","1252","1252","1252"
"1253","0","0","0","1253","1253","1253"
"1254","0","0","0","1254","1254","1254"
"1255","0","0","0","1255","1255","1255"
"1256","0","0","0","1256","1256","1256"
"1257","0","0","0","1257","1257","1257"
"1258","0","0","0","1258","1258","1258"
"1259","0","0","0","1259","1259","1259"
"1260","0","0","0","1260","1260","1260"
"1261","0","0","0","1261","1261","1261"
"1262","0","0","0","1262","1262","1262"
"1263","0","0","0","1263","1263","1263"
"1264","0","0","0","1264","1264","1264"
"1265","0","0","0","1265","1265","1265"
"1266","0","0","0","1266","1266","1266"
"1267","0","0","0","1267","1267","1267"
"1268","0","0","0","1268","1268","1268"
"1269","0","0","0","1269","1269","1269"
"1270","0","0","0","1270","1270","1270"
"1271","0","0","0","1271","1271","1271"
"1272","0","0","0","1272","1272","1272"
"1273","0","0","0","1273","1273","1273"
"1274","0","0","0","1274","1274","1274"
"1275","0","0","0","1275","1275","1275"
"1276","0","0","0","1276","1276","1276"
"1277","0","0","0","1277","1277","1277"
"1278","0","0","0","1278","1278","1278"
"1279","0","0","0","1279","1279","1279"
"1280","0","0","0","1280","1280","1280"
"1281","0","0","0","1281","1281","1281"
"1282","0","0","0","1282","1282","1282"
"1283","0","0","0","1283","1283","1283"
"1284","0","0","0","1284","1284","1284"
"1285","0","0","0","1285","1285","1285"
"1286","0","0","0","1286","1286","1286"
"1287","0","0","0","1287","1287","1287"
"1288","0","0","0","1288","1288","1288"
"1289","0","0","0","1289","1289","1289"
"1290","0","0","0","1290","1290","1290"
"1291","0","0","0","1291","1291","1291"
"1292","0","0","0","1292","1292","1292"
"1293","0","0","0","1293","1293","1293"
"1294","0","0","0","1294","1294","1294"
"1295","0","0","0","1295","1295","1295"
"1296","0","0","0","1296","1296","1296"
"1297","0","0","0","1297","1297","1297"
"1298","0","0","0","1298","1298","1298"
"1299","0","0","0","1299","1299","1299"
"1300","0","0","0","1300","1300","1300"
"1301","0","0","0","1301","1301","1301"
"1302","0","0","0","1302","1302","1302"
"1303","0","0","0","1303","1303","1303"
"1304","0","0","0","1304","1304","1304"
"1305","0","0","0","1305","1305","1305"
"1306","0","0","0","1306","1306","1306"
"1307","0","0","0","1307","1307","1307"
"1308","0","0","0","1308","1308","1308"
"1309","0","0","0","1309","1309","1309"
"1310","0","0","0","1310","1310","1310"
"1311","0","0","0","1311","1311","1311"
"1312","0","0","0","1312","1312","1312"
"1313","0","0","0","1313","1313","1313"
"1314","0","0","0","1314","1314","1314"
"1315","0","0","0","1315","1315","1315"
"1316","0","0","0","1316","1316","1316"
"1317","0","0","0","1317","1317","1317"
"1318","0","0","0","1318","1318","1318"
"1319","0","0","0","1319","1319","1319"
"1320","0","0","0","1320","1320","1320"
"1321","0","0","0","1321","1321","1321"
"1322","0","0","0","1322","1322","1322"
"1323","0","0","0","1323","1323","1323"
"1324","0","0","0","1324","1324","1324"
"1325","0","0","0","1325","1325","1325"
"1326","0","0","0","1326","1326","1326"
"1327","0","0","0","1327","1327","1327"
"1328","0","0","0","1328","1328","1328"
"1329","0","0","0","1329","1329","1329"
"1330","0","0","0","1330","1330","1330"
"1331","0","0","0","1331","1331","1331"
"1332","0","0","0","1332","1332","1332"
"1333","0","0","0","1333","1333","1333"
"1334","0","0","0","1334","1334","1334"
"1335","0","0","0","1335","1335","1335"
"1336","0","0","0","1336","1336","1336"
"1337","0","0","0","1337","1337","1337"
"1338","0","0","0","1338","1338","1338"
"1339","0","0","0","1339","1339","1339"
"1340","0","0","0","1340","1340","1340"
"1341","0","0","0","1341","1341","1341"
"1342","0","0","0","1342","1342","1342"
"1343","0","0","0","1343","1343","1343"
"1344","0","0","0","1344","1344","1344"
"1345","0","0","0","1345","1345","1345"
"1346","0","0","0","1346","1346","1346"
"1347","0","0","0","1347","1347","1347"
"1348","0","0","0","1348","1348","1348"
"1349","0","0","0","1349","1349","1349"
"1350","0","0","0","1350","1350","1350"
"1351","0","0","0","1351","1351","1351"
"1352","0","0","0","1352","1352","1352"
"1353","0","0","0","1353","1353","1353"
"1354","0","0","0","1354","1354","1354"
"1355","0","0","0","1355","1355","1355"
"1356","0","0","0","1356","1356","1356"
"1357","0","0","0","1357","1357","1357"
"1358","0","0","0","1358","1358","1358"
"1359","0","0","0","1359","1359","1359"
"1360","0","0","0","1360","1360","1360"
"1361","0","0","0","1361","1361","1361"
"1362","0","0","0","1362","1362","1362"
"1363","0","0","0","1363","1363","1363"
"1364","0","0","0","1364","1364","1364"
"1365","0","0","0","1365","1365","1365"
"1366","0","0","0","1366","1366","1366"
"1367","0","0","0","1367","1367","1367"
"1368","0","0","0","1368","1368","1368"
"1369","0","0","0","1369","1369","1369"
"1370","0","0","0","1370","1370","1370"
"1371","0","0","0","1371","1371","1371"
"1372","0","0","0","1372","1372","1372"
"1373","0","0","0","1373","1373","1373"
"1374","0","0","0","1374","1374","1374"
"1375","0","0","0","1375","1375","1375"
"1376","0","0","0","1376","1376","1376"
"1377","0","0","0","1377","1377","1377"
"1378","0","0","0","1378","1378","1378"
"1379","0","0","0","1379","1379","1379"
"1380","0","0","0","1380","1380","1380"
"1381","0","0","0","1381","1381","1381"
"1382","0","0","0","1382","1382","1382"
"1383","0","0","0","1383","1383","1383"
"1384","0","0","0","1384","1384","1384"
"1385","0","0","0","1385","1385","1385"
"1386","0","0","0","1386","1386","1386"
"1387","0","0","0","1387","1387","1387"
"1388","0","0","0","1388","1388","1388"
"1389","0","0","0","1389","1389","1389"
"1390","0","0","0","1390","1390","1390"
"1391","0","0","0","1391","1391","1391"
"1392","0","0","0","1392","1392","1392"
"1393","0","0","0","1393","1393","1393"
"1394","0","0","0","1394","1394","1394"
"1395","0","0","0","1395","1395","1395"
"1396","0","0","0","1396","1396","1396"
"1397","0","0","0","1397","1397","1397"
"1398","0","0","0","1398","1398","1398"
"1399","0","0","0","1399","1399","1399"
"1400","0","0","0","1400","1400","1400"
"1401","0","0","0","1401","1401","1401"
"1402","0","0","0","1402","1402","1402"
"1403","0","0","0","1403","1403","1403"
"1404","0","0","0","1404","1404","1404"
"1405","0","0","0","1405","1405","1405"
"1406","0","0","0","1406","1406","1406"
"1407","0","0","0","1407","1407","1407"
"1408","0","0","0","1408","1408","1408"
"1409","0","0","0","1409","1409","1409"
"1410","0","0","0","1410","1410","1410"
"1411","0","0","0","1411","1411","1411"
"1412","0","0","0","1412","1412","1412"
"1413","0","0","0","1413","1413","1413"
"1414","0","0","0","1414","1414","1414"
"1415","0","0","0","1415","1415","1415"
"1416","0","0","0","1416","1416","1416"
"1417","0","0","0","1417","1417","1417"
"1418","0","0","0","1418","1418","1418"
"1419","0","0","0","1419","1419","1419"
"1420","0","0","0","1420","1420","1420"
"1421","0","0","0","1421","1421","1421"
"1422","0","0","0","1422","1422","1422"
"1423","0","0","0","1423","1423","1423"
"1424","0","0","0","1424","1424","1424"
"1425","0","0","0","1425","1425","1425"
"1426","0","0","0","1426","1426","1426"
"1427","0","0","0","1427","1427","1427"
"1428","0","0","0","1428","1428","1428"
"1429","0","0","0","1429","1429","1429"
"1430","0","0","0","1430","1430","1430"
"1431","0","0","0","1431","1431","1431"
"1432","0","0","0","1432","1432","1432"
"1433","0","0","0","1433","1433","1433"
"1434","0","0","0","1434","1434","1434"
"1435","0","0","0","1435","1435","1435"
"1436","0","0","0","1436","1436","1436"
"1437","0","0","0","1437","1437","1437"
"1438","0","0","0","1438","1438","1438"
"1439","0","0","0","1439","1439","1439"
"1440","0","0","0","1440","1440","1440"
"1441","0","0","0","1441","1441","1441"
"1442","0","0","0","1442","1442","1442"
"1443","0","0","0","1443","1443","1443"
"1444","0","0","0","1444","1444","1444"
"1445","0","0","0","1445","1445","1445"
"1446","0","0","0","1446","1446","1446"
"1447","0","0","0","1447","1447","1447"
"1448","0","0","0","1448","1448","1448"
"1449","0","0","0","1449","1449","1449"
"1450","0","0","0","1450","1450","1450"
"1451","0","0","0","1451","1451","1451"
"1452","0","0","0","1452","1452","1452"
"1453","0","0","0","1453","1453","1453"
"1454","0","0","0","1454","1454","1454"
"1455","0","0","0","1455","1455","1455"
"1456","0","0","0","1456","1456","1456"
"1457","0","0","0","1457","1457","1457"
"1458","0","0","0","1458","1458","1458"
"1459","0","0","0","1459","1459","1459"
"1460","0","0","0","1460","1460","1460"
"1461","0","0","0","1461","1461","1461"
"1462","0","0","0","1462","1462","1462"
"1463","0","0","0","1463","1463","1463"
"1464","0","0","0","1464","1464","1464"
"1465","0","0","0","1465","1465","1465"
"1466","0","0","0","1466","1466","1466"
"1467","0","0","0","1467","1467","1467"
"1468","0","0","0","1468","1468","1468"
"1469","0","0","0","1469","1469","1469"
"1470","0","0","0","1470","1470","1470"
"1471","0","0","0","1471","1471","1471"
"1472","0","0","0","1472","1472","1472"
"1473","0","0","0","1473","1473","1473"
"1474","0","0","0","1474","1474","1474"
"1475","0","0","0","1475","1475","1475"
"1476","0","0","0","1476","1476","1476"
"1477","0","0","0","1477","1477","1477"
"1478","0","0","0","1478","1478","1478"
"1479","0","0","0","1479","1479","1479"
"1480","0","0","0","1480","1480","1480"
"1481","0","0","0","1481","1481","1481"
"1482","0","0","0","1482","1482","1482"
"1483","0","0","0","1483","1483","1483"
"1484","0","0","0","1484","1484","1484"
"1485","0","0","0","1485","1485","1485"
"1486","0","0","0","1486","1486","1486"
"1487","0","0","0","1487","1487","1487"
"1488","0","0","0","1488","1488","1488"
"1489","0","0","0","1489","1489","1489"
"1490","0","0","0","1490","1490","1490"
"1491","0","0","0","1491","1491","1491"
"1492","0","0","0","1492","1492","1492"
"1493","0","0","0","1493","1493","1493"
"1494","0","0","0","1494","1494","1494"
"1495","0","0","0","1495","1495","1495"
"1496","0","0","0","1496","1496","1496"
"1497","0","0","0","1497","1497","1497"
"1498","0","0","0","1498","1498","1498"
"1499","0","0","0","1499","1499","1499"
"1500","0","0","0","1500","1500","1500"
"1501","0","0","0","1501","1501","1501"
"1502","0","0","0","1502","1502","1502"
"1503","0","0","0","1503","1503","1503"
"1504","0","0","0","1504","1504","1504"
"1505","0","0","0","1505","1505","1505"
"1506","0","0","0","1506","1506","1506"
"1507","0","0","0","1507","1507","1507"
"1508","0","0","0","1508","1508","1508"
"1509","0","0","0","1509","1509","1509"
"1510","0","0","0","1510","1510","1510"
"1511","0","0","0","1511","1511","1511"
"1512","0","0","0","1512","1512","1512"
"1513","0","0","0","1513","1513","1513"
"1514","0","0","0","1514","1514","1514"
"1515","0","0","0","1515","1515","1515"
"1516","0","0","0","1516","1516","1516"
"1517","0","0","0","1517","1517","1517"
"1518","0","0","0","1518","1518","1518"
"1519","0","0","0","1519","1519","1519"
"1520","0","0","0","1520","1520","1520"
"1521","0","0","0","1521","1521","1521"
"1522","0","0","0","1522","1522","1522"
"1523","0","0","0","1523","1523","1523"
"1524","0","0","0","1524","1524","1524"
"1525","0","0","0","1525","1525","1525"
"1526","0","0","0","1526","1526","1526"
"1527","0","0","0","1527","1527","1527"
"1528","0","0","0","1528","1528","1528"
"1529","0","0","0","1529","1529","1529"
"1530","0","0","0","1530","1530","1530"
"1531","0","0","0","1531","1531","1531"
"1532","0","0","0","1532","1532","1532"
"1533","0","0","0","1533","1533","1533"
"1534","0","0","0","1534","1534","1534"
"1535","0","0","0","1535","1535","1535"
"1536","0","0","0","1536","1536","1536"
"1537","0","0","0","1537","1537","1537"
"1538","0","0","0","1538","1538","1538"
"1539","0","0","0","1539","1539","1539"
"1540","0","0","0","1540","1540","1540"
"1541","0","0","0","1541","1541","1541"
"1542","0","0","0","1542","1542","1542"
"1543","0","0","0","1543","1543","1543"
"1544","0","0","0","1544","1544","1544"
"1545","0","0","0","1545","1545","1545"
"1546","0","0","0","1546","1546","1546"
"1547","0","0","0","1547","1547","1547"
"1548","0","0","0","1548","1548","1548"
"1549","0","0","0","1549","1549","1549"
"1550","0","0","0","1550","1550","1550"
"1551","0","0","0","1551","1551","1551"
"1552","0","0","0","1552","1552","1552"
"1553","0","0","0","1553","1553","1553"
"1554","0","0","0","1554","1554","1554"
"1555","0.01","0.01","0.01","1555","1555","1555"
"1556","0.01","0.01","0.01","1556","1556","1556"
"1557","0.01","0.01","0.01","1557","1557","1557"
"1558","0.01","0.01","0.01","1558","1558","1558"
"1559","0.01","0.01","0.01","1559","1559","1559"
"1560","0.01","0.01","0.01","1560","1560","1560"
"1561","0.01","0.01","0.01","1561","1561","1561"
"1562","0.01","0.01","0.01","1562","1562","1562"
"1563","0.01","0.01","0.01","1563","1563","1563"
"1564","0.01","0.01","0.01","1564","1564","1564"
"1565","0.01","0.01","0.01","1565","1565","1565"
"1566","0.01","0.01","0.01","1566","1566","1566"
"1567","0.01","0.01","0.01","1567","1567","1567"
"1568","0.01","0.01","0.01","1568","1568","1568"
"1569","0.01","0.01","0.01","1569","1569","1569"
"1570","0.01","0.01","0.01","1570","1570","1570"
"1571","0.01","0.01","0.01","1571","1571","1571"
"1572","0.01","0.01","0.01","1572","1572","1572"
"1573","0.01","0.01","0.01","1573","1573","1573"
"1574","0.01","0.01","0.01","1574","1574","1574"
"1575","0.01","0.01","0.01","1575","1575","1575"
"1576","0.01","0.01","0.01","1576","1576","1576"
"1577","0.01","0.01","0.01","1577","1577","1577"
"1578","0.01","0.01","0.01","1578","1578","1578"
"1579","0.01","0.01","0.01","1579","1579","1579"
"1580","0.01","0.01","0.01","1580","1580","1580"
"1581","0.01","0.01","0.01","1581","1581","1581"
"1582","0.01","0.01","0.01","1582","1582","1582"
"1583","0.01","0.01","0.01","1583","1583","1583"
"1584","0.01","0.01","0.01","1584","1584","1584"
"1585","0.01","0.01","0.01","1585","1585","1585"
"1586","0.02","0.02","0.02","1586","1586","1586"
"1587","0.02","0.02","0.02","1587","1587","1587"
"1588","0.03","0.03","0.03","1588","1588","1588"
"1589","0.03","0.03","0.03","1589","1589","1589"
"1590","0.04","0.04","0.04","1590","1590","1590"
"1591","0.04","0.04","0.04","1591","1591","1591"
"1592","0.05","0.05","0.05","1592","1592","1592"
"1593","0.06","0.06","0.06","1593","1593","1593"
"1594","0.07","0.07","0.07","1594","1594","1594"
"1595","0.08","0.08","0.08","1595","1595","1595"
"1596","0.09","0.09","0.09","1596","1596","1596"
"1597","0.09","0.09","0.09","1597","1597","1597"
"1598","0.1","0.1","0.1","1598","1598","1598"
"1599","0.1","0.1","0.1","1599","1599","1599"
"1600","0.11","0.11","0.11","1600","1600","1600"
"1601","0.12","0.12","0.12","1601","1601","1601"
"1602","0.13","0.13","0.13","1602","1602","1602"
"1603","0.14","0.14","0.14","1603","1603","1603"
"1604","0.15","0.15","0.15","1604","1604","1604"
"1605","0.16","0.16","0.16","1605","1605","1605"
"1606","0.17","0.17","0.17","1606","1606","1606"
"1607","0.18","0.18","0.18","1607","1607","1607"
"1608","0.18","0.18","0.18","1608","1608","1608"
"1609","0.19","0.19","0.19","1609","1609","1609"
"1610","0.2","0.2","0.2","1610","1610","1610"
"1611","0.21","0.21","0.21","1611","1611","1611"
"1612","0.22","0.22","0.22","1612","1612","1612"
"1613","0.23","0.23","0.23","1613","1613","1613"
"1614","0.24","0.24","0.24","1614","1614","1614"
"1615","0.25","0.25","0.25","1615","1615","1615"
"1616","0.26","0.26","0.26","1616","1616","1616"
"1617","0.27","0.27","0.27","1617","1617","1617"
"1618","0.27","0.27","0.27","1618","1618","1618"
"1619","0.28","0.28","0.28","1619","1619","1619"
"1620","0.29","0.29","0.29","1620","1620","1620"
"1621","0.3","0.3","0.3","1621","1621","1621"
"1622","0.3","0.3","0.3","1622","1622","1622"
"1623","0.31","0.31","0.31","1623","1623","1623"
"1624","0.32","0.32","0.32","1624","1624","1624"
"1625","0.33","0.33","0.33","1625","1625","1625"
"1626","0.34","0.34","0.34","1626","1626","1626"
"1627","0.35","0.35","0.35","1627","1627","1627"
"1628","0.35","0.35","0.35","1628","1628","1628"
"1629","0.36","0.36","0.36","1629","1629","1629"
"1630","0.37","0.37","0.37","1630","1630","1630"
"1631","0.38","0.38","0.38","1631","1631","1631"
"1632","0.39","0.39","0.39","1632","1632","1632"
"1633","0.4","0.4","0.4","1633","1633","1633"
"1634","0.41","0.41","0.41","1634","1634","1634"
"1635","0.42","0.42","0.42","1635","1635","1635"
"1636","0.43","0.43","0.43","1636","1636","1636"
"1637","0.44","0.44","0.44","1637","1637","1637"
"1638","0.45","0.45","0.45","1638","1638","1638"
"1639","0.46","0.46","0.46","1639","1639","1639"
"1640","0.47","0.47","0.47","1640","1640","1640"
"1641","0.48","0.48","0.48","1641","1641","1641"
"1642","0.49","0.49","0.49","1642","1642","1642"
"1643","0.5","0.5","0.5","1643","1643","1643"
"1644","0.51","0.51","0.51","1644","1644","1644"
"1645","0.52","0.52","0.52","1645","1645","1645"
"1646","0.53","0.53","0.53","1646","1646","1646"
"1647","0.54","0.54","0.54","1647","1647","1647"
"1648","0.55","0.55","0.55","1648","1648","1648"
"1649","0.56","0.56","0.56","1649","1649","1649"
"1650","0.57","0.57","0.57","1650","1650","1650"
"1651","0.58","0.58","0.58","1651","1651","1651"
"1652","0.59","0.59","0.59","1652","1652","1652"
"1653","0.6","0.6","0.6","1653","1653","1653"
"1654","0.61","0.61","0.61","1654","1654","1654"
"1655","0.61","0.61","0.61","1655","1655","1655"
"1656","0.61","0.61","0.61","1656","1656","1656"
"1657","0.62","0.62","0.62","1657","1657","1657"
"1658","0.63","0.63","0.63","1658","1658","1658"
"1659","0.64","0.64","0.64","1659","1659","1659"
"1660","0.65","0.65","0.65","1660","1660","1660"
"1661","0.66","0.66","0.66","1661","1661","1661"
"1662","0.67","0.67","0.67","1662","1662","1662"
"1663","0.68","0.68","0.68","1663","1663","1663"
"1664","0.69","0.69","0.69","1664","1664","1664"
"1665","0.7","0.7","0.7","1665","1665","1665"
"1666","0.71","0.71","0.71","1666","1666","1666"
"1667","0.72","0.72","0.72","1667","1667","1667"
"1668","0.73","0.73","0.73","1668","1668","1668"
"1669","0.74","0.74","0.74","1669","1669","1669"
"1670","0.75","0.75","0.75","1670","1670","1670"
"1671","0.76","0.76","0.76","1671","1671","1671"
"1672","0.77","0.77","0.77","1672","1672","1672"
"1673","0.78","0.78","0.78","1673","1673","1673"
"1674","0.79","0.79","0.79","1674","1674","1674"
"1675","0.8","0.8","0.8","1675","1675","1675"
"1676","0.81","0.81","0.81","1676","1676","1676"
"1677","0.82","0.82","0.82","1677","1677","1677"
"1678","0.83","0.83","0.83","1678","1678","1678"
"1679","0.84","0.84","0.84","1679","1679","1679"
"1680","0.85","0.85","0.85","1680","1680","1680"
"1681","0.86","0.86","0.86","1681","1681","1681"
"1682","0.87","0.87","0.87","1682","1682","1682"
"1683","0.88","0.88","0.88","1683","1683","1683"
"1684","0.89","0.89","0.89","1684","1684","1684"
"1685","0.9","0.9","0.9","1685","1685","1685"
"1686","0.9","0.9","0.9","1686","1686","1686"
"1687","0.91","0.91","0.91","1687","1687","1687"
"1688","0.91","0.91","0.91","1688","1688","1688"
"1689","0.91","0.91","0.91","1689","1689","1689"
"1690","0.9","0.9","0.9","1690","1690","1690"
"1691","0.91","0.91","0.91","1691","1691","1691"
"1692","0.91","0.91","0.91","1692","1692","1692"
"1693","0.91","0.91","0.91","1693","1693","1693"
"1694","0.91","0.91","0.91","1694","1694","1694"
"1695","0.91","0.91","0.91","1695","1695","1695"
"1696","0.91","0.91","0.91","1696","1696","1696"
"1697","0.92","0.92","0.92","1697","1697","1697"
"1698","0.91","0.91","0.91","1698","1698","1698"
"1699","0.92","0.92","0.92","1699","1699","1699"
"1700","0.92","0.92","0.92","1700","1700","1700"
"1701","0.92","0.92","0.92","1701","1701","1701"
"1702","0.91","0.91","0.91","1702","1702","1702"
"1703","0.9","0.9","0.9","1703","1703","1703"
"1704","0.9","0.9","0.9","1704","1704","1704"
"1705","0.9","0.9","0.9","1705","1705","1705"
"1706","0.9","0.9","0.9","1706","1706","1706"
"1707","0.9","0.9","0.9","1707","1707","1707"
"1708","0.91","0.91","0.91","1708","1708","1708"
"1709","0.91","0.91","0.91","1709","1709","1709"
"1710","0.91","0.91","0.91","1710","1710","1710"
"1711","0.91","0.91","0.91","1711","1711","1711"
"1712","0.91","0.91","0.91","1712","1712","1712"
"1713","0.91","0.91","0.91","1713","1713","1713"
"1714","0.91","0.91","0.91","1714","1714","1714"
"1715","0.91","0.91","0.91","1715","1715","1715"
"1716","0.91","0.91","0.91","1716","1716","1716"
"1717","0.91","0.91","0.91","1717","1717","1717"
"1718","0.92","0.92","0.92","1718","1718","1718"
"1719","0.92","0.92","0.92","1719","1719","1719"
"1720","0.92","0.92","0.92","1720","1720","1720"
"1721","0.92","0.92","0.92","1721","1721","1721"
"1722","0.93","0.93","0.93","1722","1722","1722"
"1723","0.93","0.93","0.93","1723","1723","1723"
"1724","0.93","0.93","0.93","1724","1724","1724"
"1725","0.93","0.93","0.93","1725","1725","1725"
"1726","0.93","0.93","0.93","1726","1726","1726"
"1727","0.93","0.93","0.93","1727","1727","1727"
"1728","0.94","0.94","0.94","1728","1728","1728"
"1729","0.94","0.94","0.94","1729","1729","1729"
"1730","0.94","0.94","0.94","1730","1730","1730"
"1731","0.94","0.94","0.94","1731","1731","1731"
"1732","0.94","0.94","0.94","1732","1732","1732"
"1733","0.94","0.94","0.94","1733","1733","1733"
"1734","0.94","0.94","0.94","1734","1734","1734"
"1735","0.94","0.94","0.94","1735","1735","1735"
"1736","0.94","0.94","0.94","1736","1736","1736"
"1737","0.94","0.94","0.94","1737","1737","1737"
"1738","0.94","0.94","0.94","1738","1738","1738"
"1739","0.94","0.94","0.94","1739","1739","1739"
"1740","0.94","0.94","0.94","1740","1740","1740"
"1741","0.94","0.94","0.94","1741","1741","1741"
"1742","0.94","0.94","0.94","1742","1742","1742"
"1743","0.94","0.94","0.94","1743","1743","1743"
"1744","0.94","0.94","0.94","1744","1744","1744"
"1745","0.94","0.94","0.94","1745","1745","1745"
"1746","0.94","0.94","0.94","1746","1746","1746"
"1747","0.94","0.94","0.94","1747","1747","1747"
"1748","0.94","0.94","0.94","1748","1748","1748"
"1749","0.94","0.94","0.94","1749","1749","1749"
"1750","0.94","0.94","0.94","1750","1750","1750"
"1751","0.94","0.94","0.94","1751","1751","1751"
"1752","0.94","0.94","0.94","1752","1752","1752"
"1753","0.94","0.94","0.94","1753","1753","1753"
"1754","0.94","0.94","0.94","1754","1754","1754"
"1755","0.94","0.94","0.94","1755","1755","1755"
"1756","0.95","0.95","0.95","1756","1756","1756"
"1757","0.95","0.95","0.95","1757","1757","1757"
"1758","0.95","0.95","0.95","1758","1758","1758"
"1759","0.95","0.95","0.95","1759","1759","1759"
"1760","0.95","0.95","0.95","1760","1760","1760"
"1761","0.95","0.95","0.95","1761","1761","1761"
"1762","0.95","0.95","0.95","1762","1762","1762"
"1763","0.95","0.95","0.95","1763","1763","1763"
"1764","0.95","0.95","0.95","1764","1764","1764"
"1765","0.95","0.95","0.95","1765","1765","1765"
"1766","0.95","0.95","0.95","1766","1766","1766"
"1767","0.95","0.95","0.95","1767","1767","1767"
"1768","0.95","0.95","0.95","1768","1768","1768"
"1769","0.95","0.95","0.95","1769","1769","1769"
"1770","0.95","0.95","0.95","1770","1770","1770"
"1771","0.95","0.95","0.95","1771","1771","1771"
"1772","0.95","0.95","0.95","1772","1772","1772"
"1773","0.95","0.95","0.95","1773","1773","1773"
"1774","0.95","0.95","0.95","1774","1774","1774"
"1775","0.95","0.95","0.95","1775","1775","1775"
"1776","0.95","0.95","0.95","1776","1776","1776"
"1777","0.95","0.95","0.95","1777","1777","1777"
"1778","0.95","0.95","0.95","1778","1778","1778"
"1779","0.95","0.95","0.95","1779","1779","1779"
"1780","0.95","0.95","0.95","1780","1780","1780"
"1781","0.95","0.95","0.95","1781","1781","1781"
"1782","0.95","0.95","0.95","1782","1782","1782"
"1783","0.95","0.95","0.95","1783","1783","1783"
"1784","0.95","0.95","0.95","1784","1784","1784"
"1785","0.95","0.95","0.95","1785","1785","1785"
"1786","0.95","0.95","0.95","1786","1786","1786"
"1787","0.95","0.95","0.95","1787","1787","1787"
"1788","0.95","0.95","0.95","1788","1788","1788"
"1789","0.96","0.96","0.96","1789","1789","1789"
"1790","0.97","0.97","0.97","1790","1790","1790"
"1791","0.97","0.97","0.97","1791","1791","1791"
"1792","0.97","0.97","0.97","1792","1792","1792"
"1793","0.97","0.97","0.97","1793","1793","1793"
"1794","0.97","0.97","0.97","1794","1794","1794"
"1795","0.97","0.97","0.97","1795","1795","1795"
"1796","0.97","0.97","0.97","1796","1796","1796"
"1797","0.97","0.97","0.97","1797","1797","1797"
"1798","0.98","0.98","0.98","1798","1798","1798"
"1799","0.98","0.98","0.98","1799","1799","1799"
"1800","0.98","0.98","0.98","1800","1800","1800"
"1801","0.98","0.98","0.98","1801","1801","1801"
"1802","0.99","0.99","0.99","1802","1802","1802"
"1803","1","1","1","1803","1803","1803"
"1804","1","1","1","1804","1804","1804"
"1805","1","1","1","1805","1805","1805"
"1806","1","1","1","1806","1806","1806"
"1807","1","1","1","1807","1807","1807"
"1808","1","1","1","1808","1808","1808"
"1809","1","1","1","1809","1809","1809"
"1810","1","1","1","1810","1810","1810"
"1811","1","1","1","1811","1811","1811"
"1812","1","1","1","1812","1812","1812"
"1813","1","1","1","1813","1813","1813"
"1814","1","1","1","1814","1814","1814"
"1815","1","1","1","1815","1815","1815"
"1816","1","1","1","1816","1816","1816"
"1817","1","1","1","1817","1817","1817"
"1818","1","1","1","1818","1818","1818"
"1819","1","1","1","1819","1819","1819"
"1820","1","1","1","1820","1820","1820"
"1821","1","1","1","1821","1821","1821"
"1822","1","1","1","1822","1822","1822"
"1823","1","1","1","1823","1823","1823"
"1824","1","1","1","1824","1824","1824"
"1825","1","1","1","1825","1825","1825"
"1826","1","1","1","1826","1826","1826"
"1827","1","1","1","1827","1827","1827"
"1828","1","1","1","1828","1828","1828"
"1829","1","1","1","1829","1829","1829"
"1830","1","1","1","1830","1830","1830"
"1831","1","1","1","1831","1831","1831"
"1832","1","1","1","1832","1832","1832"
"1833","1","1","1","1833","1833","1833"
"1834","1","1","1","1834","1834","1834"
"1835","1","1","1","1835","1835","1835"
"1836","1","1","1","1836","1836","1836"
"1837","1","1","1","1837","1837","1837"
"1838","1","1","1","1838","1838","1838"
"1839","1","1","1","1839","1839","1839"
"1840","1","1","1","1840","1840","1840"
"1841","1","1","1","1841","1841","1841"
"1842","1","1","1","1842","1842","1842"
"1843","1","1","1","1843","1843","1843"
"1844","1","1","1","1844","1844","1844"
"1845","1","1","1","1845","1845","1845"
"1846","1","1","1","1846","1846","1846"
"1847","1","1","1","1847","1847","1847"
"1848","1","1","1","1848","1848","1848"
"1849","1","1","1","1849","1849","1849"
"1850","1","1","1","1850","1850","1850"
"1851","1","1","1","1851","1851","1851"
"1852","1","1","1","1852","1852","1852"
"1853","1","1","1","1853","1853","1853"
"1854","1","1","1","1854","1854","1854"
"1855","1","1","1","1855","1855","1855"
"1856","1","1","1","1856","1856","1856"
"1857","1","1","1","1857","1857","1857"
"1858","1","1","1","1858","1858","1858"
"1859","1","1","1","1859","1859","1859"
"1860","1","1","1","1860","1860","1860"
"1861","1","1","1","1861","1861","1861"
"1862","1","1","1","1862","1862","1862"
"1863","1","1","1","1863","1863","1863"
"1864","1","1","1","1864","1864","1864"
"1865","1","1","1","1865","1865","1865"
"1866","1","1","1","1866","1866","1866"
"1867","1","1","1","1867","1867","1867"
"1868","1","1","1","1868","1868","1868"
"1869","1","1","1","1869","1869","1869"
"1870","1","1","1","1870","1870","1870"
"1871","1","1","1","1871","1871","1871"
"1872","1","1","1","1872","1872","1872"
"1873","1","1","1","1873","1873","1873"
"1874","1","1","1","1874","1874","1874"
"1875","1","1","1","1875","1875","1875"
"1876","1","1","1","1876","1876","1876"
"1877","1","1","1","1877","1877","1877"
"1878","1","1","1","1878","1878","1878"
"1879","1","1","1","1879","1879","1879"
"1880","1","1","1","1880","1880","1880"
"1881","1","1","1","1881","1881","1881"
"1882","1","1","1","1882","1882","1882"
"1883","1","1","1","1883","1883","1883"
"1884","1","1","1","1884","1884","1884"
"1885","1","1","1","1885","1885","1885"
"1886","1","1","1","1886","1886","1886"
"1887","1","1","1","1887","1887","1887"
"1888","1","1","1","1888","1888","1888"
"1889","1","1","1","1889","1889","1889"
"1890","1","1","1","1890","1890","1890"
"1891","1","1","1","1891","1891","1891"
"1892","1","1","1","1892","1892","1892"
"1893","1","1","1","1893","1893","1893"
"1894","1","1","1","1894","1894","1894"
"1895","1","1","1","1895","1895","1895"
"1896","1","1","1","1896","1896","1896"
"1897","1","1","1","1897","1897","1897"
"1898","1","1","1","1898","1898","1898"
"1899","1","1","1","1899","1899","1899"
"1900","1","1","1","1900","1900","1900"
"1901","1","1","1","1901","1901","1901"
"1902","1","1","1","1902","1902","1902"
"1903","1","1","1","1903","1903","1903"
"1904","1","1","1","1904","1904","1904"
"1905","1","1","1","1905","1905","1905"
"1906","1","1","1","1906","1906","1906"
"1907","1","1","1","1907","1907","1907"
"1908","1","1","1","1908","1908","1908"
"1909","1","1","1","1909","1909","1909"
"1910","1","1","1","1910","1910","1910"
"1911","1","1","1","1911","1911","1911"
"1912","1","1","1","1912","1912","1912"
"1913","1","1","1","1913","1913","1913"
"1914","1","1","1","1914","1914","1914"
"1915","1","1","1","1915","1915","1915"
"1916","1","1","1","1916","1916","1916"
"1917","1","1","1","1917","1917","1917"
"1918","1","1","1","1918","1918","1918"
"1919","1","1","1","1919","1919","1919"
"1920","1","1","1","1920","1920","1920"
"1921","1","1","1","1921","1921","1921"
"1922","1","1","1","1922","1922","1922"
"1923","1","1","1","1923","1923","1923"
"1924","1","1","1","1924","1924","1924"
"1925","1","1","1","1925","1925","1925"
"1926","1","1","1","1926","1926","1926"
"1927","1","1","1","1927","1927","1927"
"1928","1","1","1","1928","1928","1928"
"1929","1","1","1","1929","1929","1929"
"1930","1","1","1","1930","1930","1930"
"1931","1","1","1","1931","1931","1931"
"1932","1","1","1","1932","1932","1932"
"1933","1","1","1","1933","1933","1933"
"1934","1","1","1","1934","1934","1934"
"1935","1","1","1","1935","1935","1935"
"1936","1","1","1","1936","1936","1936"
"1937","1","1","1","1937","1937","1937"
"1938","1","1","1","1938","1938","1938"
"1939","1","1","1","1939","1939","1939"
"1940","1","1","1","1940","1940","1940"
"1941","1","1","1","1941","1941","1941"
"1942","1","1","1","1942","1942","1942"
"1943","1","1","1","1943","1943","1943"
"1944","1","1","1","1944","1944","1944"
"1945","1","1","1","1945","1945","1945"
"1946","1","1","1","1946","1946","1946"
"1947","1","1","1","1947","1947","1947"
"1948","1","1","1","1948","1948","1948"
"1949","1","1","1","1949","1949","1949"
"1950","1","1","1","1950","1950","1950"
"1951","1","1","1","1951","1951","1951"
"1952","1","1","1","1952","1952","1952"
"1953","1","1","1","1953","1953","1953"
"1954","1","1","1","1954","1954","1954"
"1955","1","1","1","1955","1955","1955"
"1956","1","1","1","1956","1956","1956"
"1957","1","1","1","1957","1957","1957"
"1958","1","1","1","1958","1958","1958"
"1959","1","1","1","1959","1959","1959"
"1960","1","1","1","1960","1960","1960"
"1961","1","1","1","1961","1961","1961"
"1962","1","1","1","1962","1962","1962"
"1963","1","1","1","1963","1963","1963"
"1964","1","1","1","1964","1964","1964"
"1965","1","1","1","1965","1965","1965"
"1966","1","1","1","1966","1966","1966"
"1967","1","1","1","1967","1967","1967"
"1968","1","1","1","1968","1968","1968"
"1969","1","1","1","1969","1969","1969"
"1970","1","1","1","1970","1970","1970"
"1971","1","1","1","1971","1971","1971"
"1972","1","1","1","1972","1972","1972"
"1973","1","1","1","1973","1973","1973"
"1974","1","1","1","1974","1974","1974"
"1975","1","1","1","1975","1975","1975"
"1976","1","1","1","1976","1976","1976"
"1977","1","1","1","1977","1977","1977"
"1978","1","1","1","1978","1978","1978"
"1979","1","1","1","1979","1979","1979"
"1980","1","1","1","1980","1980","1980"
"1981","1","1","1","1981","1981","1981"
"1982","1","1","1","1982","1982","1982"
"1983","1","1","1","1983","1983","1983"
"1984","1","1","1","1984","1984","1984"
"1985","1","1","1","1985","1985","1985"
"1986","1","1","1","1986","1986","1986"
"1987","1","1","1","1987","1987","1987"
"1988","1","1","1","1988","1988","1988"
"1989","1","1","1","1989","1989","1989"
"1990","1","1","1","1990","1990","1990"
"1991","1","1","1","1991","1991","1991"
"1992","1","1","1","1992","1992","1992"
"1993","1","1","1","1993","1993","1993"
"1994","1","1","1","1994","1994","1994"
"1995","1","1","1","1995","1995","1995"
"1996","1","1","1","1996","1996","1996"
"1997","1","1","1","1997","1997","1997"
"1998","1","1","1","1998","1998","1998"
"1999","1","1","1","1999","1999","1999"
"2000","1","1","1","2000","2000","2000"