x,y,theta,velocity
-11.441514,119.655684,-2.657550,
-11.632230,119.601833,-2.986426,
-11.823478,119.543855,-2.824004,
-12.010219,119.472949,-2.715307,
-12.189735,119.384910,-2.699373,
-12.362368,119.284238,-2.570781,
-12.530857,119.176482,-2.574570,
-12.699023,119.068225,-2.563218,
-12.864815,118.956376,-2.537595,
-13.028733,118.841786,-2.529161,
-13.192782,118.727385,-2.534463,
-13.358000,118.614680,-2.547713,
-13.517630,118.494224,-2.497752,
-13.680170,118.377737,-2.532864,
-13.844835,118.264226,-2.545252,
-14.010231,118.151801,-2.522130,
-14.171212,118.033138,-2.505295,
-14.334863,117.918215,-2.553008,
-14.501500,117.807617,-2.557254,
-14.668315,117.697288,-2.557254,
-14.835866,117.588118,-2.602181,
-15.006560,117.483901,-2.583200,
-15.175356,117.376633,-2.569918,
-15.344674,117.270196,-2.620430,
-15.518457,117.171206,-2.627562,
-15.689821,117.068154,-2.596352,
-15.862114,116.966639,-2.628252,
-16.037504,116.870535,-2.650505,
-16.207860,116.765926,-2.607174,
-16.380901,116.665655,-2.623487,
-16.557150,116.571153,-2.653285,
-16.735429,116.480574,-2.665699,
-16.913951,116.390456,-2.658900,
-17.085132,116.287224,-2.581649,
-17.256265,116.183744,-2.605501,
-17.430989,116.086462,-2.663571,
-17.609076,115.995447,-2.674791,
-17.788135,115.906360,-2.674308,
-17.967195,115.817275,-2.673825,
-18.146255,115.728193,-2.673342,
-18.325315,115.639114,-2.672859,
-18.505616,115.552586,-2.705584,
-18.689660,115.474358,-2.752766,
-18.873309,115.395176,-2.734614,
-19.055637,115.313065,-2.696639,
-19.235852,115.226561,-2.702312,
-19.414785,115.137305,-2.696248,
-19.594983,115.050607,-2.726625,
-19.778318,114.970685,-2.734945,
-19.963528,114.895273,-2.767768,
-20.147501,114.817063,-2.707560,
-20.328005,114.731172,-2.730765,
-20.512556,114.654181,-2.768092,
-20.698294,114.580039,-2.737758,
-20.879821,114.496179,-2.738911,
-21.064098,114.418453,-2.746710,
-21.250081,114.344950,-2.756766,
-21.434387,114.267340,-2.718396,
-21.617340,114.186550,-2.729357,
-21.802826,114.111820,-2.801830,
-21.988899,114.038642,-2.747721,
-22.173563,113.961851,-2.779576,
-22.360641,113.891246,-2.751051,
-22.545849,113.815765,-2.746095,
-22.731930,113.742568,-2.774391,
-22.916271,113.665069,-2.738785,
-23.100604,113.587515,-2.789765,
-23.288707,113.519571,-2.799683,
-23.477059,113.452316,-2.802070,
-23.662641,113.377919,-2.739568,
-23.848386,113.303811,-2.778477,
-24.034065,113.229546,-2.745660,
-24.218830,113.152995,-2.780896,
-24.406423,113.083676,-2.801497,
-24.593761,113.013692,-2.769321,
-24.779864,112.940547,-2.775858,
-24.964666,112.864182,-2.741028,
-25.148803,112.786119,-2.740202,
-25.336199,112.716265,-2.780329,
-25.522027,112.642332,-2.757650,
-25.709007,112.571562,-2.796589,
-25.896530,112.502044,-2.776003,
-26.082364,112.428162,-2.748959,
-26.267081,112.351485,-2.751075,
-26.454156,112.280796,-2.796506,
-26.639404,112.205536,-2.740010,
-26.824772,112.130533,-2.776387,
-27.011830,112.059766,-2.760262,
-27.197446,111.985290,-2.750445,
-27.384726,111.915252,-2.782616,
-27.570680,111.841647,-2.756580,
-27.757103,111.769403,-2.824004,
-27.940558,111.689940,-2.716416,
-28.124348,111.611115,-2.765529,
-28.309888,111.536470,-2.748439,
-28.491869,111.453779,-2.713316,
-28.674910,111.373211,-2.735830,
-28.861158,111.300371,-2.788849,
-29.046682,111.225815,-2.732334,
-29.225012,111.135412,-2.658842,
-29.403930,111.046117,-2.661122,
-29.584112,110.959364,-2.698374,
-29.767434,110.879475,-2.731656,
-29.948578,110.794748,-2.692595,
-30.127329,110.705095,-2.691737,
-30.304845,110.613017,-2.651837,
-30.478622,110.514067,-2.619184,
-30.654600,110.419088,-2.657876,
-30.833230,110.329219,-2.655817,
-31.011033,110.237814,-2.625436,
-31.182170,110.134382,-2.594352,
-31.354392,110.032755,-2.628864,
-31.529868,109.936810,-2.652401,
-31.699707,109.831406,-2.589885,
-31.870208,109.726863,-2.589002,
-32.039265,109.620008,-2.580162,
-32.208578,109.513551,-2.580758,
-32.376674,109.405208,-2.578834,
-32.547775,109.301681,-2.601418,
-32.714780,109.191844,-2.505347,
-32.875730,109.073131,-2.521018,
-33.040951,108.960474,-2.556996,
-33.207810,108.850211,-2.561646,
-33.372861,108.737288,-2.529573,
-33.536139,108.621788,-2.529331,
-33.700619,108.508012,-2.547812,
-33.864673,108.393669,-2.487119,
-34.023915,108.272700,-2.511586,
-34.185451,108.154812,-2.486589,
-34.344093,108.033023,-2.493232,
-34.505720,107.915257,-2.493232,
-34.664377,107.793492,-2.481275,
-34.825698,107.675316,-2.515152,
-34.988171,107.558688,-2.525976,
-35.150499,107.441877,-2.484359,
-35.306327,107.316579,-2.441605,
-35.463348,107.192753,-2.491997,
-35.624811,107.074759,-2.491997,
-35.783364,106.952857,-2.484864,
-35.945032,106.835141,-2.499951,
-36.103093,106.712605,-2.481164,
-36.264359,106.594336,-2.516489,
-36.423823,106.473665,-2.478551,
-36.584242,106.354294,-2.476294,
-36.739792,106.228607,-2.449545,
-36.893380,106.100535,-2.473748,
-37.053466,105.980713,-2.501171,
-37.212537,105.859505,-2.478329,
-37.372085,105.738941,-2.511278,
-37.533671,105.621129,-2.489504,
-37.692489,105.499571,-2.491997,
-37.853952,105.381578,-2.491997,
-38.012033,105.259070,-2.472975,
-38.172001,105.139061,-2.486476,
-38.326171,105.011685,-2.428363,
-38.480253,104.884243,-2.499548,
-38.641958,104.766570,-2.488020,
-38.800789,104.645026,-2.488810,
-38.962133,104.526886,-2.528163,
-39.122261,104.407105,-2.478485,
-39.281279,104.285857,-2.491184,
-39.438027,104.161674,-2.461033,
-39.590628,104.032419,-2.451424,
-39.749419,103.910921,-2.520515,
-39.910047,103.791798,-2.483550,
-40.069833,103.671568,-2.518502,
-40.226719,103.547560,-2.455163,
-40.379330,103.418319,-2.449001,
-40.538238,103.297035,-2.516107,
-40.693584,103.171108,-2.443664,
-40.847739,103.043690,-2.454506,
-41.007657,102.923650,-2.528264,
-41.168458,102.804824,-2.455719,
-41.320698,102.675298,-2.486471,
-41.479724,102.554012,-2.493508,
-41.635940,102.429198,-2.427524,
-41.790181,102.302058,-2.501416,
-41.947043,102.178038,-2.443018,
-42.099542,102.048651,-2.422211,
-42.253268,101.920839,-2.504539,
-42.410377,101.797225,-2.425826,
-42.561049,101.665704,-2.420594,
-42.710695,101.533019,-2.412286,
-42.863916,101.404647,-2.503571,
-43.012100,101.270941,-2.282958,
-43.139856,101.117105,-2.270043,
-43.275298,100.970089,-2.214543,
-43.388959,100.805612,-2.155135,
-43.499830,100.639157,-2.161957,
-43.611629,100.473323,-2.164472,
-43.717505,100.303830,-2.040705,
-43.804304,100.123727,-1.947786,
-43.865276,99.933511,-1.806631,
-43.904709,99.737453,-1.769517,
-43.950869,99.542937,-1.743764,
-43.960993,99.343619,-1.570796,
-43.960993,99.143619,-1.570796,
-43.950155,98.943949,-1.502289,
-43.932661,98.744726,-1.477453,
-43.911125,98.545896,-1.434527,
-43.885313,98.347576,-1.452191,
-43.874506,98.147973,-1.553634,
-43.873914,97.947978,-1.570796,
-43.873914,97.747978,-1.570796,
-43.867774,97.548149,-1.500503,
-43.853246,97.348679,-1.493958,
-43.839365,97.149170,-1.512848,
-43.830220,96.949392,-1.536051,
-43.828869,96.749416,-1.570796,
-43.828869,96.549416,-1.570796,
-43.828869,96.349416,-1.570796,
-43.828869,96.149416,-1.570796,
-43.828869,95.949416,-1.570796,
-43.828869,95.749416,-1.570796,
-43.828869,95.549416,-1.570796,
-43.828869,95.349416,-1.570796,
-43.828869,95.149416,-1.570796,
-43.828869,94.949416,-1.570796,
-43.828869,94.749416,-1.570796,
-43.828869,94.549416,-1.570796,
-43.828869,94.349416,-1.570796,
-43.828869,94.149416,-1.570796,
-43.828869,93.949416,-1.570796,
-43.828543,93.749416,-1.567505,
-43.815138,93.549949,-1.471979,
-43.790840,93.351486,-1.472168,
-43.783925,93.151688,-1.567587,
-43.783784,92.951688,-1.570155,
-43.783030,92.751690,-1.563477,
-43.780066,92.551773,-1.495510,
-43.759091,92.352921,-1.450459,
-43.731584,92.154824,-1.431908,
-43.706311,91.956448,-1.480700,
-43.693896,91.756932,-1.543628,
-43.693340,91.556935,-1.569397,
-43.690425,91.357007,-1.520186,
-43.673937,91.157720,-1.454682,
-43.650440,90.959108,-1.434381,
-43.623809,90.760891,-1.446291,
-43.605370,90.561842,-1.547509,
-43.603644,90.361862,-1.570796,
-43.599337,90.161972,-1.519570,
-43.581100,89.962830,-1.454824,
-43.557073,89.764285,-1.434946,
-43.530687,89.566035,-1.444145,
-43.514722,89.366804,-1.545099,
-43.513554,89.166819,-1.570796,
-43.507272,88.967002,-1.484210,
-43.488000,88.767952,-1.455804,
-43.463620,88.569452,-1.436169,
-43.437443,88.371174,-1.442539,
-43.424156,88.171734,-1.544548,
-43.423279,87.971744,-1.563538,
-43.415947,87.771935,-1.499431,
-43.400280,87.572561,-1.477413,
-43.380441,87.373552,-1.462419,
-43.355546,87.175126,-1.435214,
-43.336057,86.976146,-1.501726,
-43.333374,86.776191,-1.570796,
-43.331645,86.576237,-1.517700,
-43.318490,86.376677,-1.499287,
-43.298748,86.177656,-1.457130,
-43.274869,85.979099,-1.430236,
-43.250391,85.780641,-1.507431,
-43.243284,85.580832,-1.570796,
-43.243284,85.380832,-1.570796,
-43.234161,85.181113,-1.499143,
-43.216315,84.981933,-1.469057,
-43.193984,84.783189,-1.453347,
-43.167118,84.585023,-1.459711,
-43.153618,84.385610,-1.560157,
-43.153194,84.185613,-1.570796,
-43.142015,83.985968,-1.499010,
-43.123449,83.786848,-1.470097,
-43.100908,83.588126,-1.454617,
-43.074496,83.389902,-1.460411,
-43.063619,83.190315,-1.560733,
-43.063104,82.990318,-1.570796,
-43.064162,82.790344,-1.621602,
-43.078561,82.590931,-1.674605,
-43.105170,82.392774,-1.726087,
-43.139226,82.195715,-1.754472,
-43.182672,82.000548,-1.805582,
-43.236663,81.808029,-1.858048,
-43.302006,81.619040,-1.911089,
-43.377492,81.433907,-2.026437,
-43.468149,81.255689,-2.073989,
-43.576510,81.088073,-2.202379,
-43.700530,80.931367,-2.281380,
-43.833342,80.781926,-2.341532,
-43.972675,80.638446,-2.341532,
-44.114092,80.497024,-2.357754,
-44.271475,80.373845,-2.603484,
-44.443981,80.272703,-2.648541,
-44.620160,80.178039,-2.648541,
-44.798977,80.088526,-2.725144,
-44.984919,80.015242,-2.796577,
-45.173052,79.947375,-2.794518,
-45.362217,79.882464,-2.815718,
-45.552922,79.822238,-2.856452,
-45.744914,79.766253,-2.894053,
-45.938882,79.717510,-2.902664,
-46.133083,79.669704,-2.897725,
-46.328784,79.628658,-2.973722,
-46.525592,79.593376,-2.903973,
-46.721119,79.551593,-2.971250,
-46.918851,79.521786,-2.983309,
-47.115569,79.485943,-2.941781,
-47.311849,79.447707,-2.979312,
-47.509300,79.415939,-2.967509,
-47.704235,79.371571,-2.957303,
-47.900929,79.335363,-2.962213,
-48.096123,79.291842,-2.915681,
-48.292868,79.256029,-2.972388,
-48.488682,79.215669,-2.901658,
-48.684569,79.175530,-2.968474,
-48.880848,79.137723,-2.893777,
-49.075232,79.090675,-2.907547,
-49.269365,79.042610,-2.891765,
-49.465128,79.001819,-2.958374,
-49.661477,78.963966,-2.916054,
-49.856085,78.917861,-2.915935,
-50.050687,78.871777,-2.882969,
-50.244539,78.822581,-2.893246,
-50.437968,78.771767,-2.875430,
-50.632047,78.723478,-2.899317,
-50.825912,78.674325,-2.892987,
-51.020278,78.627194,-2.904010,
-51.213949,78.577329,-2.898202,
-51.406700,78.524045,-2.840568,
-51.597963,78.465582,-2.849655,
-51.789993,78.409813,-2.891161,
-51.984496,78.363276,-2.912839,
-52.178941,78.316502,-2.925297,
-52.374907,78.276661,-2.956828,
-52.571374,78.239304,-2.938023,
-52.767547,78.200574,-2.982011,
-52.965653,78.173449,-3.024773,
-53.162760,78.140478,-2.922027,
-53.359025,78.102259,-2.966963,
-53.557319,78.076507,-3.035417,
-53.752582,78.034786,-2.898933,
-53.946726,77.986742,-2.899017,
-54.140652,77.937946,-2.913659,
-54.325237,77.862672,-2.678488,
-54.506507,77.778243,-2.727790,
-54.688069,77.694546,-2.667961,
-54.854873,77.584681,-2.464847,
-55.013815,77.463394,-2.526441,
-55.154645,77.322815,-2.161912,
-55.279720,77.167258,-2.329202,
-55.385592,76.999087,-1.977872,
-55.462443,76.814466,-1.977912,
-55.537440,76.629195,-1.886063,
-55.584400,76.435488,-1.593797,
-55.585614,76.235502,-1.570796,
-55.585614,76.035502,-1.570796,
-55.585605,75.835502,-1.528529,
-55.550303,75.639717,-1.253208,
-55.489914,75.449078,-1.295289,
-55.437250,75.256140,-1.311293,
-55.354629,75.074422,-1.138386,
-55.272006,74.892328,-1.176549,
-55.191371,74.709330,-1.132040,
-55.103357,74.529759,-1.092650,
-55.013448,74.351131,-1.085559,
-54.917389,74.175742,-1.038411,
-54.818114,74.002153,-1.085218,
-54.726307,73.824494,-1.125451,
-54.636624,73.645766,-1.125253,
-54.546962,73.467027,-1.124712,
-54.457711,73.288088,-1.130213,
-54.361414,73.112927,-1.014419,
-54.256903,72.942409,-1.025680,
-54.158635,72.768239,-1.071077,
-54.066865,72.590626,-1.074360,
-53.963813,72.419286,-1.019315,
-53.860591,72.248008,-1.053046,
-53.764078,72.072870,-1.131365,
-53.670412,71.896356,-0.995468,
-53.563848,71.727127,-1.036143,
-53.463153,71.554337,-1.057347,
-53.364882,71.380159,-1.020768,
-53.259517,71.210206,-1.052075,
-53.160107,71.036661,-1.049007,
-53.055944,70.865959,-1.000252,
-52.953414,70.694284,-1.052101,
-52.852977,70.521339,-1.030252,
-52.746027,70.352367,-0.991731,
-52.641720,70.181728,-1.013547,
-52.534972,70.012603,-1.000419,
-52.428798,69.843123,-1.044914,
-52.328983,69.669813,-1.049054,
-52.225249,69.498849,-1.018395,
-52.122926,69.327037,-1.051623,
-52.023578,69.153480,-1.014421,
-51.918431,68.983351,-1.019174,
-51.812014,68.814020,-1.000252,
-51.705450,68.644810,-1.022669,
-51.598386,68.475890,-0.994856,
-51.490948,68.307211,-1.031139,
-51.389688,68.134752,-1.052101,
-51.288100,67.962516,-1.009962,
-51.182245,67.792827,-1.015638,
-51.075479,67.623712,-1.000252,
-50.970058,67.453792,-1.024548,
-50.864895,67.283678,-0.996307,
-50.756864,67.115367,-1.005063,
-50.654558,66.943548,-1.050567,
-50.553377,66.771063,-1.015486,
-50.448370,66.600847,-1.016484,
-50.341643,66.431715,-0.987980,
-50.237181,66.261199,-1.030621,
-50.133386,66.090262,-1.003951,
-50.026269,65.921365,-1.006455,
-49.924782,65.749049,-1.068667,
-49.820314,65.578577,-1.005417,
-49.716054,65.407914,-1.045381,
-49.615853,65.234834,-1.021335,
-49.510209,65.065016,-1.015638,
-49.404337,64.895337,-1.009962,
-49.297298,64.726421,-1.037705,
-49.194173,64.555063,-1.019048,
-49.086926,64.386261,-1.003231,
-48.981764,64.216178,-1.040392,
-48.881730,64.042994,-1.049494,
-48.776440,63.872955,-1.018910,
-48.670921,63.703059,-1.003184,
-48.564081,63.534024,-1.027094,
-48.461461,63.362370,-0.987098,
-48.350314,63.196101,-0.977725,
-48.239894,63.029350,-0.998635,
-48.133229,62.860182,-1.020534,
-48.031748,62.687856,-1.051918,
-47.925848,62.518277,-0.985135,
-47.815507,62.351469,-0.986457,
-47.705178,62.184654,-0.986457,
-47.594285,62.018214,-0.972865,
-47.482222,61.852559,-0.978414,
-47.371553,61.685969,-0.988148,
-47.261904,61.518706,-0.986457,
-47.151548,61.351909,-0.985135,
-47.036164,61.188613,-0.924302,
-46.917951,61.027309,-0.957494,
-46.804010,60.862943,-0.957690,
-46.688579,60.699617,-0.953808,
-46.567579,60.540383,-0.921246,
-46.449598,60.378928,-0.921173,
-46.328087,60.220074,-0.914370,
-46.207591,60.060473,-0.950110,
-46.089579,59.899023,-0.906750,
-45.967638,59.740520,-0.932871,
-45.849011,59.579516,-0.912508,
-45.726850,59.421166,-0.955750,
-45.606796,59.261280,-0.879962,
-45.478612,59.107767,-0.861067,
-45.352794,58.952380,-0.939584,
-45.234234,58.791310,-0.934238,
-45.111234,58.633609,-0.932357,
-44.991547,58.473432,-0.902230,
-44.863831,58.319548,-0.844955,
-44.731871,58.169268,-0.890318,
-44.609176,58.011351,-0.906761,
-44.483371,57.855895,-0.879944,
-44.352875,57.704351,-0.863934,
-44.231078,57.545963,-0.897655,
-44.102985,57.392397,-0.864614,
-43.971044,57.242093,-0.852840,
-43.843071,57.088499,-0.946427,
-43.720757,56.930336,-0.883165,
-43.591381,56.777829,-0.861511,
-43.458846,56.628059,-0.856961,
-43.336478,56.470051,-0.898991,
-43.207579,56.317162,-0.848308,
-43.075073,56.167356,-0.840857,
-42.940982,56.018977,-0.856689,
-42.818588,55.860916,-0.892196,
-42.691806,55.706248,-0.871809,
-42.560458,55.555455,-0.841169,
-42.430683,55.403418,-0.919706,
-42.304749,55.248134,-0.866423,
-42.172266,55.098307,-0.844304,
-42.040350,54.947989,-0.859449,
-41.917051,54.790683,-0.912476,
-41.791549,54.635004,-0.875334,
-41.660593,54.483848,-0.839796,
-41.528460,54.333729,-0.863516,
-41.407274,54.174847,-0.848977,
-41.273891,54.025829,-0.832825,
-41.140896,53.876461,-0.846528,
-41.009064,53.726079,-0.871623,
-40.887330,53.567542,-0.885950,
-40.757437,53.415486,-0.847557,
-40.624868,53.265736,-0.840026,
-40.491842,53.116405,-0.875239,
-40.368917,52.958680,-0.873033,
-40.239756,52.805986,-0.857315,
-40.107738,52.655761,-0.837513,
-39.972456,52.508462,-0.823728,
-39.848039,52.351935,-0.891724,
-39.715923,52.201800,-0.837763,
-39.582456,52.052850,-0.842531,
-39.448904,51.903975,-0.837432,
-39.314846,51.755626,-0.887057,
-39.190024,51.599446,-0.851592,
-39.057149,51.449973,-0.837169,
-38.923784,51.300930,-0.842433,
-38.789896,51.152361,-0.823697,
-38.658148,51.002062,-0.930809,
-38.530935,50.847913,-0.835772,
-38.391348,50.704713,-0.785398,
-38.250847,50.562395,-0.811024,
-38.114602,50.415991,-0.829412,
-37.981314,50.266885,-0.845217,
-37.847485,50.118263,-0.827277,
-37.720377,49.964069,-0.934765,
-37.589157,49.813333,-0.818028,
-37.448193,49.671468,-0.785398,
-37.306772,49.530046,-0.785398,
-37.165351,49.388625,-0.785398,
-37.023929,49.247204,-0.785398,
-36.884269,49.104062,-0.808713,
-36.748273,48.957422,-0.839651,
-36.614652,48.808609,-0.835878,
-36.479844,48.660873,-0.825637,
-36.341075,48.516860,-0.815042,
-36.211620,48.364439,-0.872962,
-36.079280,48.214552,-0.801529,
-35.938911,48.072096,-0.785398,
-35.797490,47.930674,-0.785398,
-35.656069,47.789253,-0.785398,
-35.514647,47.647832,-0.785398,
-35.373226,47.506410,-0.785398,
-35.231804,47.364989,-0.785398,
-35.090383,47.223567,-0.785398,
-34.948962,47.082146,-0.785398,
-34.807540,46.940725,-0.785398,
-34.666119,46.799303,-0.785398,
-34.524698,46.657882,-0.785398,
-34.383276,46.516461,-0.785398,
-34.241855,46.375039,-0.785398,
-34.094989,46.239331,-0.725360,
-33.941639,46.110961,-0.701961,
-33.795881,45.974110,-0.785398,
-33.651080,45.836213,-0.733402,
-33.502195,45.702673,-0.728312,
-33.353947,45.568432,-0.742883,
-33.208272,45.431407,-0.760287,
-33.066782,45.290056,-0.785398,
-32.925360,45.148635,-0.785398,
-32.783939,45.007213,-0.785398,
-32.642517,44.865792,-0.785398,
-32.501096,44.724371,-0.785398,
-32.357661,44.585021,-0.757210,
-32.201990,44.459627,-0.654917,
-32.051668,44.327804,-0.730773,
-31.902335,44.194765,-0.725127,
-31.754051,44.060566,-0.741140,
-31.609257,43.922622,-0.785398,
-31.467757,43.781280,-0.777491,
-31.322773,43.643554,-0.743818,
-31.169377,43.515242,-0.715819,
-31.021780,43.380371,-0.784838,
-30.877175,43.242272,-0.730916,
-30.727925,43.109141,-0.725269,
-30.579483,42.975116,-0.741278,
-30.430892,42.841254,-0.717113,
-30.277473,42.713008,-0.706994,
-30.129783,42.578282,-0.785398,
-29.984423,42.440983,-0.730514,
-29.835038,42.308002,-0.724812,
-29.686773,42.173782,-0.740970,
-29.541688,42.036130,-0.768810,
-29.394168,41.901171,-0.692280,
-29.239952,41.773843,-0.707260,
-29.094468,41.636678,-0.746790,
-28.945917,41.502770,-0.727677,
-28.797128,41.369128,-0.742531,
-28.650657,41.232951,-0.756799,
-28.503095,41.098000,-0.707277,
-28.347814,40.972007,-0.686524,
-28.201894,40.835298,-0.746736,
-28.053068,40.701693,-0.727555,
-27.904474,40.567836,-0.742464,
-27.758461,40.431171,-0.760142,
-27.615398,40.291435,-0.759123,
-27.463032,40.162129,-0.651765,
-27.310199,40.033312,-0.735905,
-27.160984,39.900141,-0.724395,
-27.012168,39.766533,-0.740746,
-26.866237,39.629782,-0.759557,
-26.724683,39.488497,-0.785398,
-26.580812,39.349614,-0.742537,
-26.425377,39.223973,-0.672810,
-26.276019,39.091076,-0.732553,
-26.127037,38.957644,-0.727287,
-25.978640,38.823569,-0.742316,
-25.832894,38.686618,-0.760091,
-25.691384,38.545288,-0.785398,
-25.549963,38.403867,-0.785398,
-25.405831,38.265252,-0.737294,
-25.254233,38.134843,-0.696329,
-25.105839,38.000938,-0.801427,
-24.972531,37.851972,-0.888946,
-24.842724,37.699871,-0.836971,
-24.708334,37.551752,-0.830032,
-24.574922,37.402761,-0.846368,
-24.443381,37.252129,-0.887954,
-24.321077,37.093943,-0.941997,
-24.201536,36.933628,-0.911689,
-24.082893,36.772645,-0.955332,
-23.970876,36.606980,-0.985240,
-23.860744,36.440038,-0.995693,
-23.757487,36.268798,-1.041158,
-23.659225,36.094637,-1.076739,
-23.561195,35.920315,-1.046338,
-23.462231,35.746524,-1.062901,
-23.368120,35.570090,-1.100344,
-23.281293,35.389959,-1.138266,
-23.207830,35.204070,-1.146223,
-23.125503,35.021812,-1.131183,
-23.045123,34.838715,-1.170982,
-22.971264,34.652905,-1.224903,
-22.906155,34.463809,-1.249737,
-22.843557,34.273859,-1.256258,
-22.780104,34.084194,-1.243028,
-22.716096,33.894714,-1.247006,
-22.661239,33.702412,-1.313820,
-22.612577,33.508429,-1.329966,
-22.566106,33.313920,-1.360301,
-22.527695,33.117675,-1.395702,
-22.489887,32.921315,-1.368333,
-22.455001,32.724432,-1.414024,
-22.429738,32.526051,-1.442427,
-22.394545,32.329219,-1.377458,
-22.363154,32.131736,-1.423574,
-22.343729,31.932752,-1.513235,
-22.335264,31.732967,-1.516613,
-22.320960,31.533480,-1.494835,
-22.307226,31.333961,-1.514273,
-22.298437,31.134168,-1.537451,
-22.297359,30.934186,-1.570796,
-22.297359,30.734186,-1.570796,
-22.301784,30.534261,-1.604772,
-22.312634,30.334560,-1.643971,
-22.327256,30.135095,-1.643971,
-22.339889,29.935500,-1.621486,
-22.344557,29.735620,-1.623312,
-22.363015,29.536539,-1.709662,
-22.392314,29.338727,-1.754315,
-22.427066,29.141797,-1.683614,
-22.451961,28.943410,-1.726125,
-22.489815,28.747057,-1.770218,
-22.532126,28.551588,-1.795329,
-22.578445,28.357034,-1.814404,
-22.629680,28.163720,-1.818591,
-22.678373,27.969739,-1.815377,
-22.734321,27.777739,-1.856041,
-22.791908,27.586211,-1.866446,
-22.855532,27.396620,-1.913514,
-22.923992,27.208704,-1.917650,
-22.992962,27.020985,-1.969309,
-23.070492,26.836624,-1.968480,
-23.146919,26.651839,-1.936129,
-23.220907,26.466086,-1.971246,
-23.300298,26.282552,-2.010829,
-23.384146,26.101012,-2.059124,
-23.466567,25.918939,-1.972867,
-23.542591,25.733971,-2.000166,
-23.629421,25.553859,-2.045729,
-23.725952,25.378769,-2.053019,
-23.816427,25.200432,-2.017646,
-23.904919,25.021117,-2.006452,
-23.985963,24.838325,-1.955456,
-24.055109,24.650703,-1.888385,
-24.117565,24.460705,-1.888385,
-24.149230,24.263879,-1.705398,
-24.181394,24.066648,-1.655249,
-24.188576,23.866906,-1.552747,
-24.170693,23.668102,-1.389497,
-24.140581,23.470828,-1.467704,
-24.077319,23.282462,-1.157177,
-24.003754,23.096680,-1.129951,
-23.898182,22.927614,-0.913761,
-23.778017,22.767761,-0.957772,
-23.660509,22.605950,-0.927752,
-23.530742,22.453900,-0.923852,
-23.404425,22.298981,-0.843581,
-23.265344,22.155299,-0.785398,
-23.123923,22.013877,-0.785398,
-22.982502,21.872456,-0.785398,
-22.841080,21.731035,-0.785398,
-22.697185,21.592172,-0.714381,
-22.543035,21.464839,-0.689115,
-22.394709,21.330883,-0.745677,
-22.246456,21.196648,-0.725152,
-22.097052,21.063692,-0.741154,
-21.950345,20.927773,-0.759694,
-21.807632,20.787677,-0.785398,
-21.666211,20.646255,-0.785398,
-21.524790,20.504834,-0.785398,
-21.383368,20.363413,-0.785398,
-21.241947,20.221991,-0.785398,
-21.100426,20.080670,-0.781287,
-20.954954,19.943493,-0.706868,
-20.799863,19.817282,-0.684949,
-20.652198,19.682501,-0.742673,
-20.503865,19.548350,-0.730387,
-20.355328,19.414428,-0.745563,
-20.209347,19.277728,-0.762271,
-20.067059,19.137194,-0.785398,
-19.925638,18.995772,-0.785398,
-19.784216,18.854351,-0.785398,
-19.642795,18.712929,-0.785398,
-19.501374,18.571508,-0.785398,
-19.359496,18.430548,-0.773107,
-19.212053,18.295501,-0.703112,
-19.058948,18.166842,-0.717942,
-18.913979,18.029158,-0.785398,
-18.767228,17.893318,-0.732831,
-18.618069,17.760084,-0.727622,
-18.470322,17.625289,-0.742501,
-18.326307,17.486531,-0.785398,
-18.184885,17.345110,-0.785398,
-18.043464,17.203688,-0.785398,
-17.902043,17.062267,-0.785398,
-17.760621,16.920846,-0.785398,
-17.619200,16.779424,-0.785398,
-17.474937,16.640947,-0.737406,
-17.322189,16.511921,-0.676124,
-17.173316,16.378585,-0.785398,
-17.025959,16.243385,-0.732628,
-16.876709,16.110253,-0.727377,
-16.729290,15.975102,-0.760108,
-16.585646,15.835960,-0.785398,
-16.444225,15.694539,-0.785398,
-16.302803,15.553118,-0.785398,
-16.161382,15.411696,-0.785398,
-16.019961,15.270275,-0.785398,
-15.878539,15.128854,-0.785398,
-15.737118,14.987432,-0.785398,
-15.595608,14.846099,-0.783016,
-15.449664,14.709429,-0.714466,
-15.296263,14.581144,-0.710144,
-15.149483,14.445415,-0.783867,
-15.003710,14.308549,-0.730679,
-14.854295,14.175602,-0.724921,
-14.706216,14.041176,-0.741202,
-14.562109,13.902514,-0.785398,
-14.420688,13.761092,-0.785398,
-14.279267,13.619671,-0.785398,
-14.137845,13.478250,-0.785398,
-13.996424,13.336828,-0.785398,
-13.855003,13.195407,-0.785398,
-13.713581,13.053986,-0.785398,
-13.572160,12.912564,-0.785398,
-13.430556,12.771329,-0.767833,
-13.283946,12.635352,-0.686764,
-13.128945,12.508983,-0.703834,
-12.980891,12.374553,-0.727225,
-12.831373,12.241720,-0.725395,
-12.683150,12.107455,-0.742553,
-12.538679,11.969173,-0.785398,
-12.397258,11.827752,-0.785398,
-12.255836,11.686331,-0.785398,
-12.114415,11.544909,-0.785398,
-11.972994,11.403488,-0.785398,
-11.831572,11.262067,-0.785398,
-11.690151,11.120645,-0.785398,
-11.548730,10.979224,-0.785398,
-11.407308,10.837803,-0.785398,
-11.265887,10.696381,-0.785398,
-11.124465,10.554960,-0.785398,
-10.979354,10.417396,-0.725069,
-10.823310,10.292422,-0.695261,
-10.673345,10.160119,-0.729287,
-10.523611,10.027532,-0.723314,
-10.376051,9.892538,-0.759365,
-10.232608,9.753192,-0.785398,
-10.091186,9.611771,-0.785398,
-9.949765,9.470349,-0.785398,
-9.808344,9.328928,-0.785398,
-9.666922,9.187507,-0.785398,
-9.525501,9.046085,-0.785398,
-9.384080,8.904664,-0.785398,
-9.242658,8.763243,-0.785398,
-9.101237,8.621821,-0.785398,
-8.959816,8.480400,-0.785398,
-8.818394,8.338979,-0.785398,
-8.676973,8.197557,-0.785398,
-8.531163,8.060725,-0.730872,
-8.374347,7.936667,-0.686652,
-8.224663,7.804028,-0.728961,
-8.074910,7.671465,-0.739958,
-7.927976,7.535791,-0.759294,
-7.785143,7.395818,-0.785398,
-7.643722,7.254396,-0.785398,
-7.502301,7.112975,-0.785398,
-7.360879,6.971554,-0.785398,
-7.219458,6.830132,-0.785398,
-7.078037,6.688711,-0.785398,
-6.936615,6.547290,-0.785398,
-6.795194,6.405868,-0.785398,
-6.653773,6.264447,-0.785398,
-6.512351,6.123026,-0.785398,
-6.370930,5.981604,-0.785398,
-6.229315,5.840379,-0.774803,
-6.082374,5.704831,-0.681670,
-5.926156,5.580117,-0.740402,
-5.778585,5.445132,-0.733667,
-5.629560,5.311748,-0.728631,
-5.481849,5.176913,-0.743060,
-5.337617,5.038381,-0.785398,
-5.196195,4.896960,-0.785398,
-5.054774,4.755538,-0.785398,
-4.913353,4.614117,-0.785398,
-4.771931,4.472696,-0.785398,
-4.630510,4.331274,-0.785398,
-4.489088,4.189853,-0.785398,
-4.347667,4.048431,-0.785398,
-4.206246,3.907010,-0.785398,
-4.064824,3.765589,-0.785398,
-3.923403,3.624167,-0.785398,
-3.779071,3.485763,-0.738613,
-3.625778,3.357400,-0.669881,
-3.477467,3.223455,-0.747069,
-3.329707,3.088677,-0.733390,
-3.180531,2.955461,-0.728297,
-3.033380,2.820019,-0.760284,
-2.889877,2.680731,-0.785398,
-2.748456,2.539310,-0.785398,
-2.607034,2.397889,-0.785398,
-2.465613,2.256467,-0.785398,
-2.324192,2.115046,-0.785398,
-2.182770,1.973625,-0.785398,
-2.041349,1.832203,-0.785398,
-1.899928,1.690782,-0.785398,
-1.758506,1.549361,-0.785398,
-1.617085,1.407939,-0.785398,
-1.475644,1.266537,-0.777629,
-1.330907,1.128553,-0.743651,
-1.176501,1.001510,-0.691445,
-1.028934,0.866692,-0.746917,
-0.880830,0.732292,-0.727959,
-0.731738,0.598984,-0.742687,
-0.585078,0.463013,-0.760219,
-0.442171,0.323115,-0.785398,
-0.300749,0.181694,-0.785398,
-0.159328,0.040272,-0.785398,
-0.017907,-0.101149,-0.785398,
0.123515,-0.242570,-0.785398,
0.264936,-0.383992,-0.785398,
0.406357,-0.525413,-0.785398,
0.547779,-0.666834,-0.785398,
0.689200,-0.808256,-0.785398,
0.830621,-0.949677,-0.785398,
0.973953,-1.089128,-0.741673,
1.125781,-1.219209,-0.669222,
1.276468,-1.350479,-0.785398,
1.423343,-1.486188,-0.732836,
1.572514,-1.619409,-0.727628,
1.720225,-1.754242,-0.742505,
1.864140,-1.893106,-0.785398,
2.005562,-2.034527,-0.785398,
2.146983,-2.175948,-0.785398,
2.288404,-2.317370,-0.785398,
2.429826,-2.458791,-0.785398,
2.571247,-2.600213,-0.785398,
2.712668,-2.741634,-0.785398,
2.854090,-2.883055,-0.785398,
2.995511,-3.024477,-0.785398,
3.136932,-3.165898,-0.785398,
3.278354,-3.307319,-0.785398,
3.422118,-3.446319,-0.746645,
3.575193,-3.574907,-0.664286,
3.724309,-3.707932,-0.746615,
3.872190,-3.842578,-0.732550,
4.021517,-3.975624,-0.727283,
4.168524,-4.111223,-0.760090,
4.311833,-4.250708,-0.785398,
4.453254,-4.392130,-0.785398,
4.594675,-4.533551,-0.785398,
4.736097,-4.674972,-0.785398,
4.877518,-4.816394,-0.785398,
5.018939,-4.957815,-0.785398,
5.160361,-5.099236,-0.785398,
5.301782,-5.240658,-0.785398,
5.443204,-5.382079,-0.785398,
5.584625,-5.523501,-0.785398,
5.727050,-5.663896,-0.744573,
5.877339,-5.795770,-0.668207,
6.030465,-5.924295,-0.785398,
6.176346,-6.061051,-0.732270,
6.325509,-6.194280,-0.726944,
6.473527,-6.328773,-0.742128,
6.618132,-6.466917,-0.785398,
6.759553,-6.608338,-0.785398,
6.900974,-6.749760,-0.785398,
7.042396,-6.891181,-0.785398,
7.183817,-7.032603,-0.785398,
7.325238,-7.174024,-0.785398,
7.466660,-7.315445,-0.785398,
7.608081,-7.456867,-0.785398,
7.749502,-7.598288,-0.785398,
7.890924,-7.739709,-0.785398,
8.032787,-7.880685,-0.776209,
8.180486,-8.015453,-0.706904,
8.333564,-8.144138,-0.715921,
8.478314,-8.282055,-0.785398,
8.625361,-8.417579,-0.731978,
8.774684,-8.550630,-0.726590,
8.922267,-8.685601,-0.759959,
9.065978,-8.824674,-0.785398,
9.207400,-8.966095,-0.785398,
9.348821,-9.107517,-0.785398,
9.490242,-9.248938,-0.785398,
9.631664,-9.390359,-0.785398,
9.773085,-9.531781,-0.785398,
9.914506,-9.673202,-0.785398,
10.055928,-9.814623,-0.785398,
10.197349,-9.956045,-0.785398,
10.338865,-10.097371,-0.774205,
10.484270,-10.234651,-0.740353,
10.637594,-10.363058,-0.688239,
10.784753,-10.498404,-0.785398,
10.929634,-10.636212,-0.731692,
11.078789,-10.769450,-0.726243,
11.227121,-10.903596,-0.741745,
11.372414,-11.041020,-0.785398,
11.513835,-11.182441,-0.785398,
11.655257,-11.323862,-0.785398,
11.796678,-11.465284,-0.785398,
11.938099,-11.606705,-0.785398,
12.079521,-11.748126,-0.785398,
12.220942,-11.889548,-0.785398,
12.362364,-12.030969,-0.785398,
12.503785,-12.172391,-0.785398,
12.645206,-12.313812,-0.785398,
12.786844,-12.455016,-0.778784,
12.933136,-12.591315,-0.709763,
13.086413,-12.719760,-0.713742,
13.232586,-12.856147,-0.785398,
13.378639,-12.992717,-0.731393,
13.527956,-13.125774,-0.725881,
13.675976,-13.260267,-0.741548,
13.820245,-13.398760,-0.785398,
13.961666,-13.540182,-0.785398,
14.103087,-13.681603,-0.785398,
14.244509,-13.823024,-0.785398,
14.385930,-13.964446,-0.785398,
14.527351,-14.105867,-0.785398,
14.668773,-14.247288,-0.785398,
14.810194,-14.388710,-0.785398,
14.951615,-14.530131,-0.785398,
15.093037,-14.671552,-0.785398,
15.234576,-14.812855,-0.783329,
15.381925,-14.948005,-0.711713,
15.536821,-15.074464,-0.731525,
15.682707,-15.211210,-0.745839,
15.831844,-15.344469,-0.725526,
15.980505,-15.478250,-0.741356,
16.126375,-15.615067,-0.759762,
16.267928,-15.756353,-0.785398,
16.409349,-15.897775,-0.785398,
16.550771,-16.039196,-0.785398,
16.692192,-16.180618,-0.785398,
16.833613,-16.322039,-0.785398,
16.975035,-16.463460,-0.785398,
17.116456,-16.604882,-0.785398,
17.257877,-16.746303,-0.785398,
17.399299,-16.887724,-0.785398,
17.540720,-17.029146,-0.785398,
17.682141,-17.170567,-0.785398,
17.823563,-17.311988,-0.785398,
17.970021,-17.448132,-0.726486,
18.123200,-17.576704,-0.701153,
18.269543,-17.712923,-0.785398,
18.414041,-17.851139,-0.733206,
18.562927,-17.984678,-0.728075,
18.711270,-18.118813,-0.742751,
18.857036,-18.255741,-0.760242,
18.998640,-18.396975,-0.785398,
19.140061,-18.538397,-0.785398,
19.281483,-18.679818,-0.785398,
19.422904,-18.821240,-0.785398,
19.564325,-18.962661,-0.785398,
19.705747,-19.104082,-0.785398,
19.847168,-19.245504,-0.785398,
19.988589,-19.386925,-0.785398,
20.130011,-19.528346,-0.785398,
20.271432,-19.669768,-0.785398,
20.412853,-19.811189,-0.785398,
20.554275,-19.952610,-0.785398,
20.697415,-20.092255,-0.752157,
20.848925,-20.222720,-0.680210,
20.999407,-20.354374,-0.747913,
21.141968,-20.494622,-0.783091,
21.285738,-20.633609,-0.747595,
21.434366,-20.767435,-0.728885,
21.582834,-20.901432,-0.743426,
21.728789,-21.038159,-0.760689,
21.870766,-21.179011,-0.785398,
22.012187,-21.320433,-0.785398,
22.153608,-21.461854,-0.785398,
22.295030,-21.603275,-0.785398,
22.436451,-21.744697,-0.785398,
22.577872,-21.886118,-0.785398,
22.719294,-22.027539,-0.785398,
22.860715,-22.168961,-0.785398,
23.002136,-22.310382,-0.785398,
23.143558,-22.451803,-0.785398,
23.284979,-22.593225,-0.785398,
23.426400,-22.734646,-0.785398,
23.567822,-22.876067,-0.785398,
23.709243,-23.017489,-0.785398,
23.850665,-23.158910,-0.785398,
23.992086,-23.300332,-0.785398,
24.133507,-23.441753,-0.785398,
24.274929,-23.583174,-0.785398,
24.419349,-23.721485,-0.735065,
24.571319,-23.851460,-0.693281,
24.720721,-23.984327,-0.760407,
24.864306,-24.123502,-0.746557,
25.013011,-24.257240,-0.727154,
25.161760,-24.390925,-0.742244,
25.307915,-24.527437,-0.760066,
25.450011,-24.668167,-0.785398,
25.591432,-24.809588,-0.785398,
25.734371,-24.949447,-0.734669,
25.888981,-25.076057,-0.632756,
26.040034,-25.206948,-0.745753,
26.188420,-25.341035,-0.719483,
26.339391,-25.472207,-0.704120,
26.494199,-25.598785,-0.644515,
26.648472,-25.725901,-0.684687,
26.805533,-25.849674,-0.649623,
26.966988,-25.967655,-0.649550,
27.126323,-26.088524,-0.615020,
27.289918,-26.203574,-0.610359,
27.455642,-26.315524,-0.586822,
27.627573,-26.417396,-0.482335,
27.803434,-26.512609,-0.522706,
27.977067,-26.611841,-0.463030,
28.157923,-26.697108,-0.390030,
28.341789,-26.775756,-0.433508,
28.521836,-26.862795,-0.460440,
28.707580,-26.936439,-0.324414,
28.897102,-27.000324,-0.324047,
29.086874,-27.063463,-0.319964,
29.279727,-27.116338,-0.242752,
29.476269,-27.150635,-0.101757,
29.674192,-27.179058,-0.168296,
29.870278,-27.218199,-0.186123,
30.068887,-27.236061,0.000000,
30.268887,-27.236061,0.000000,
30.468887,-27.236061,0.000000,
30.668887,-27.236061,0.000000,
30.868887,-27.236061,0.000000,
31.068887,-27.236061,0.000000,
31.268887,-27.236061,0.000000,
31.465606,-27.202478,0.236912,
31.661403,-27.161858,0.175094,
31.857730,-27.124179,0.256720,
32.051704,-27.075480,0.242275,
32.244714,-27.023242,0.302433,
32.434832,-26.961166,0.314785,
32.624857,-26.898794,0.322604,
32.811639,-26.827801,0.424374,
32.991104,-26.739572,0.469996,
33.170182,-26.650527,0.469456,
33.349234,-26.561436,0.451964,
33.522180,-26.461485,0.593770,
33.687930,-26.349561,0.592266,
33.849507,-26.231809,0.653134,
34.011195,-26.114141,0.610462,
34.169852,-25.992517,0.692069,
34.316021,-25.856171,0.687129,
34.470336,-25.728991,0.722406,
34.615842,-25.591898,0.812369,
34.749222,-25.442961,0.896025,
34.876694,-25.288893,0.849441,
35.014996,-25.144472,0.822908,
35.148093,-24.995212,0.865190,
35.276336,-24.841759,0.889965,
35.397230,-24.682491,0.872171,
35.527614,-24.530846,0.852505,
35.655247,-24.376878,0.899963,
35.777471,-24.218597,0.896613,
35.909596,-24.068575,0.865781,
36.037147,-23.914557,0.896637,
36.158568,-23.755659,0.925570,
36.284945,-23.600755,0.849961,
36.416997,-23.450547,0.849422,
36.546627,-23.298269,0.898797,
36.666951,-23.138693,0.865899,
36.799049,-22.988548,0.839621,
36.931366,-22.838575,0.860112,
37.060630,-22.685983,0.888442,
37.185425,-22.529822,0.830361,
37.320254,-22.382110,0.839637,
37.451526,-22.231231,0.860046,
37.577273,-22.075762,0.924508,
37.700392,-21.918290,0.852676,
37.832474,-21.768111,0.845536,
37.966363,-21.619545,0.831146,
38.099367,-21.470208,0.871982,
38.221458,-21.311960,0.875640,
38.353289,-21.161573,0.846444,
38.485295,-21.011328,0.857175,
38.613610,-20.857963,0.950255,
38.738115,-20.701679,0.830325,
38.872276,-20.553354,0.838505,
39.004365,-20.403184,0.863975,
39.131606,-20.248925,0.901639,
39.255820,-20.092439,0.855200,
39.388711,-19.942985,0.857298,
39.518622,-19.790929,0.872796,
39.657881,-19.659933,0.078376,
39.857267,-19.644274,0.078376,
40.057048,-19.645368,-0.031283,
40.256950,-19.651624,-0.031283,
40.456746,-19.659648,-0.089161,
40.655951,-19.677457,-0.089161,
40.855157,-19.695265,-0.089161,
41.054362,-19.713074,-0.089161,
41.253088,-19.734686,-0.161594,
41.450483,-19.766865,-0.161594,
41.647877,-19.799043,-0.161594,
41.841388,-19.847194,-0.315439,
42.031520,-19.909241,-0.315439,
42.147993,-20.068931,-0.979304,
42.258789,-20.235436,-0.985070,
42.369205,-20.402194,-0.986457,
42.477674,-20.570219,-1.007973,
42.583785,-20.739748,-1.014689,
42.690067,-20.909168,-1.003470,
42.795339,-21.079180,-1.025207,
42.902193,-21.248209,-0.980944,
43.012738,-21.414877,-0.997438,
43.120440,-21.583399,-1.005896,
43.226516,-21.752950,-1.009962,
43.334211,-21.921467,-0.979846,
43.440741,-22.090701,-1.013829,
43.547135,-22.260053,-1.006987,
43.654431,-22.428831,-1.013102,
43.760808,-22.598193,-1.000129,
43.867791,-22.767118,-1.038194,
43.970230,-22.938891,-1.034685,
44.075491,-23.108940,-1.017214,
44.180883,-23.278917,-1.014227,
44.288094,-23.447724,-1.026557,
44.392471,-23.618326,-1.018714,
44.499547,-23.787243,-1.009516,
44.604908,-23.957226,-1.034947,
44.704251,-24.130797,-1.057415,
44.808652,-24.301371,-1.015638,
44.911722,-24.472746,-1.057415,
45.013116,-24.645069,-1.003798,
45.120105,-24.814045,-1.008307,
45.227877,-24.982522,-0.996081,
45.331836,-25.153331,-1.043192,
45.433518,-25.325553,-1.032648,
45.539813,-25.494940,-1.002519,
45.640395,-25.667775,-1.048821,
45.740553,-25.840870,-1.008755,
45.844923,-26.011433,-1.051623,
45.943992,-26.185159,-1.087079,
46.040078,-26.360536,-1.050704,
46.145465,-26.530470,-1.006853,
46.249896,-26.701018,-1.034334,
46.350341,-26.873936,-1.010611,
46.455887,-27.043817,-1.017562,
46.556774,-27.216483,-1.068034,
46.648949,-27.393921,-1.093839,
46.750935,-27.565849,-1.009962,
46.854738,-27.736789,-1.052101,
46.953955,-27.910434,-1.021982,
47.058375,-28.081008,-1.037320,
47.158689,-28.254013,-1.064655,
47.253355,-28.430169,-1.114112,
47.352015,-28.603972,-1.011375,
47.456929,-28.774240,-1.025250,
47.556428,-28.947706,-1.073260,
47.649183,-29.124828,-1.068667,
47.753781,-29.295258,-1.005334,
47.858587,-29.465574,-1.045297,
47.958126,-29.639043,-1.051463,
48.062263,-29.809774,-1.025605,
48.162448,-29.982837,-1.060799,
48.254501,-30.160295,-1.131180,
48.354026,-30.333706,-1.014016,
48.458766,-30.504080,-1.047116,
48.557567,-30.677965,-1.068667,
48.663466,-30.847572,-1.011284,
48.765245,-31.019724,-1.059173,
48.860849,-31.195362,-1.093772,
48.958530,-31.369735,-1.007974,
49.064503,-31.539342,-1.025851,
49.166119,-31.711592,-1.052596,
49.268761,-31.883214,-1.018878,
49.371504,-32.054796,-1.038636,
49.468780,-32.229527,-1.084745,
49.562037,-32.406403,-1.026957,
49.666267,-32.577093,-1.034825,
49.767040,-32.749830,-1.064655,
49.863863,-32.924828,-1.046825,
49.970097,-33.094195,-1.044167,
50.070743,-33.267026,-1.042862,
50.167845,-33.441850,-1.052020,
50.271643,-33.612769,-1.007829,
50.376488,-33.783062,-1.045036,
50.476205,-33.956429,-1.048831,
50.584638,-34.124450,-0.992224,
50.694649,-34.291474,-0.984608,
50.805482,-34.457955,-0.982916,
50.926862,-34.616832,-0.904226,
51.045130,-34.778114,-0.940511,
51.169352,-34.934748,-0.857591,
51.303171,-35.083206,-0.878326,
51.430659,-35.237238,-0.824706,
51.568951,-35.381682,-0.791150,
51.712745,-35.520642,-0.747899,
51.869635,-35.644471,-0.661475,
52.019262,-35.777109,-0.711730,
52.173359,-35.904563,-0.679528,
52.332801,-36.025278,-0.635590,
52.492074,-36.146171,-0.621853,
52.657752,-36.258170,-0.587167,
52.828086,-36.362662,-0.503144,
53.006179,-36.453523,-0.482874,
53.180393,-36.551697,-0.518017,
53.357427,-36.644597,-0.444282,
53.540484,-36.725076,-0.405221,
53.722314,-36.808315,-0.433324,
53.906635,-36.885520,-0.350934,
54.093135,-36.957648,-0.328877,
54.285295,-37.012620,-0.245861,
54.479016,-37.062330,-0.245469,
54.673065,-37.110755,-0.243421,
54.869033,-37.147242,-0.071137,
55.066205,-37.179374,-0.152224,
55.265701,-37.190680,-0.015247,
55.465699,-37.191006,0.000000,
55.665699,-37.191006,0.000000,
55.865699,-37.191006,0.000000,
56.065698,-37.190864,0.010878,
56.265393,-37.182228,0.139877,
56.462451,-37.149010,0.072334,
56.659636,-37.119154,0.254159,
56.855583,-37.079354,0.179096,
57.052070,-37.042249,0.226584,
57.242886,-36.982764,0.321181,
57.432465,-36.919050,0.328132,
57.621490,-36.853727,0.345412,
57.808741,-36.783468,0.360930,
57.994930,-36.710486,0.395624,
58.178961,-36.632185,0.414590,
58.363133,-36.554254,0.387773,
58.549510,-36.481980,0.426286,
58.731967,-36.400081,0.403070,
58.917053,-36.324353,0.374379,
59.102157,-36.248625,0.394151,
59.285871,-36.169601,0.396993,
59.470930,-36.093770,0.360423,
59.657189,-36.021322,0.416095,
59.840017,-35.940241,0.418323,
60.024878,-35.863938,0.375419,
60.209615,-35.787384,0.404059,
60.392368,-35.706242,0.389948,
60.577518,-35.630674,0.342868,
60.764118,-35.558825,0.396041,
60.948965,-35.482462,0.388367,
61.135503,-35.410469,0.382974,
61.318817,-35.330523,0.414207,
61.502972,-35.252521,0.395261,
61.689238,-35.179723,0.394387,
61.872798,-35.100349,0.399955,
62.057415,-35.023440,0.387724,
62.244313,-34.952342,0.401356,
62.428329,-34.873997,0.403232,
62.613274,-34.797976,0.341816,
62.798334,-34.722336,0.399442,
62.982564,-34.644496,0.399924,
63.168936,-34.571968,0.368387,
63.352154,-34.491899,0.437264,
63.535335,-34.411709,0.398174,
63.721307,-34.338246,0.351719,
63.907337,-34.264846,0.388533,
64.092531,-34.189337,0.376681,
64.279394,-34.118160,0.380870,
64.464387,-34.042152,0.392427,
64.651224,-33.970900,0.341978,
64.835773,-33.893841,0.397867,
65.020701,-33.817762,0.364181,
65.207613,-33.746655,0.385595,
65.392873,-33.671300,0.397190,
65.579365,-33.599257,0.406137,
65.763224,-33.520544,0.402917,
65.948617,-33.445636,0.351284,
66.135264,-33.373821,0.384234,
66.320611,-33.298683,0.374754,
66.508191,-33.229351,0.352772,
66.695564,-33.159416,0.352772,
66.881309,-33.085388,0.400186,
67.066229,-33.009251,0.370575,
67.252676,-32.936934,0.397699,
67.437524,-32.860576,0.388036,
67.623869,-32.788036,0.351398,
67.810191,-32.715424,0.381407,
67.996347,-32.642374,0.337944,
68.183680,-32.572391,0.381334,
68.369138,-32.497524,0.386067,
68.555971,-32.426246,0.385208,
68.740755,-32.349736,0.397907,
68.926273,-32.275107,0.338130,
69.114228,-32.206763,0.357222,
69.301456,-32.136473,0.405182,
69.485729,-32.058738,0.395562,
69.672280,-31.986704,0.363309,
69.857660,-31.911742,0.403906,
70.043211,-31.837181,0.350372,
70.231017,-31.768414,0.352023,
70.417835,-31.697038,0.381207,
70.604522,-31.625509,0.384370,
70.788968,-31.548189,0.398406,
70.974426,-31.473370,0.351719,
71.160733,-31.400724,0.388285,
71.345635,-31.324494,0.394608,
71.533148,-31.254983,0.357726,
71.720430,-31.184800,0.359045,
71.906063,-31.110465,0.402438,
72.090757,-31.033777,0.361264,
72.277343,-30.961779,0.375177,
72.462414,-30.885961,0.385252,
72.649268,-30.814702,0.342224,
72.835950,-30.743012,0.386181,
73.022060,-30.669809,0.360113,
73.210367,-30.602438,0.345604,
73.398486,-30.534532,0.342381,
73.585806,-30.464507,0.370495,
73.772002,-30.391500,0.378789,
73.960839,-30.325652,0.329219,
74.149664,-30.259744,0.341909,
74.337880,-30.192107,0.341909,
74.526489,-30.125577,0.334089,
74.714283,-30.056900,0.381700,
74.895711,-29.973050,0.420318,
75.077869,-29.891025,0.503195,
75.240589,-29.775201,0.706622,
75.383215,-29.635052,0.785398,
75.503985,-29.477048,1.144071,
75.573255,-29.289579,1.243507,
75.626852,-29.097397,1.496540,
75.630471,-28.897531,1.570796,
75.630471,-28.697531,1.570796,
75.625383,-28.497670,1.643302,
75.593498,-28.300521,1.725660,
75.569161,-28.102212,1.763029,
75.525525,-27.907130,1.751544,
75.489677,-27.710369,1.750355,
75.444355,-27.515592,1.804433,
75.406161,-27.319284,1.756344,
75.361808,-27.124302,1.814816,
75.318906,-26.928964,1.786425,
75.272584,-26.734420,1.805676,
75.225763,-26.539979,1.832567,
75.175729,-26.346345,1.818730,
75.127799,-26.152175,1.809725,
75.082433,-25.957430,1.766124,
75.046422,-25.760718,1.744652,
75.002137,-25.565848,1.818533,
74.952964,-25.371988,1.819764,
74.903030,-25.178342,1.806793,
74.856746,-24.983771,1.804063,
74.811218,-24.789035,1.754771,
74.775406,-24.592269,1.745727,
74.731051,-24.397363,1.801463,
74.685224,-24.202684,1.806019,
74.636965,-24.008600,1.810380,
74.588469,-23.814575,1.832073,
74.538703,-23.620869,1.818223,
74.490980,-23.426648,1.814832,
74.446391,-23.231733,1.769580,
74.410958,-23.034917,1.739232,
74.365255,-22.840330,1.813216,
74.316596,-22.646343,1.832442,
74.267445,-22.452494,1.806869,
74.221341,-22.257880,1.805632,
74.173209,-22.063764,1.807684,
74.124210,-21.869869,1.829049,
74.075294,-21.675943,1.819254,
74.024035,-21.482634,1.839576,
73.976027,-21.288483,1.812113,
73.928208,-21.094284,1.812648,
73.882320,-20.899625,1.797301,
73.834105,-20.705546,1.816286,
73.785138,-20.511632,1.818813,
73.734652,-20.318122,1.812702,
73.686239,-20.124071,1.822504,
73.637777,-19.930036,1.806927,
73.589748,-19.735896,1.829139,
73.541361,-19.541848,1.804890,
73.493924,-19.347580,1.862711,
73.435008,-19.156501,1.836342,
73.383206,-18.963326,1.835851,
73.330207,-18.770478,1.844811,
73.278534,-18.577279,1.824685,
73.230516,-18.383129,1.813201,
73.180538,-18.189500,1.842946,
73.124314,-17.997582,1.868147,
73.067792,-17.805738,1.857175,
73.015877,-17.612642,1.818420,
72.966046,-17.418963,1.860379,
72.906749,-17.227968,1.887916,
72.852563,-17.035467,1.833672,
72.801795,-16.842019,1.824900,
72.751874,-16.648361,1.805305,
72.699741,-16.455322,1.859993,
72.642390,-16.263722,1.862112,
72.583492,-16.072593,1.875498,
72.525036,-15.881383,1.839703,
72.473312,-15.688188,1.835381,
72.419814,-15.495479,1.846955,
72.359024,-15.304960,1.894905,
72.301562,-15.113407,1.863555,
72.245158,-14.921528,1.868997,
72.187219,-14.730107,1.856502,
72.129797,-14.538531,1.870640,
72.069791,-14.347766,1.842024,
72.017280,-14.154784,1.834114,
71.961071,-13.962868,1.866623,
71.902579,-13.771613,1.870383,
71.842289,-13.580921,1.888385,
71.783223,-13.389874,1.853990,
71.727664,-13.197749,1.864228,
71.668156,-13.006815,1.872258,
71.608897,-12.815796,1.871150,
71.550828,-12.624412,1.869341,
71.490856,-12.433619,1.888385,
71.432284,-12.242418,1.851100,
71.375154,-12.050754,1.869363,
71.314487,-11.860188,1.889445,
71.251309,-11.670432,1.898030,
71.188117,-11.480681,1.885855,
71.128302,-11.289838,1.868017,
71.069601,-11.098647,1.869102,
71.017955,-10.905449,1.828232,
70.961442,-10.713646,1.885898,
70.899414,-10.523508,1.887600,
70.836341,-10.333715,1.896338,
70.771442,-10.144539,1.898579,
70.709837,-9.954267,1.872746,
70.651726,-9.762903,1.856502,
70.596813,-9.570610,1.829665,
70.545560,-9.377310,1.854471,
70.485317,-9.186620,1.891121,
70.419383,-8.997805,1.907264,
70.356763,-8.807869,1.876965,
70.298126,-8.616666,1.858636,
70.240360,-8.425192,1.870640,
70.180243,-8.234458,1.845840,
70.127901,-8.041436,1.834323,
70.067777,-7.850750,1.900657,
70.003341,-7.661414,1.896990,
69.940335,-7.471601,1.875945,
69.880923,-7.280631,1.865711,
69.824143,-7.088863,1.859294,
69.764955,-6.897836,1.889229,
69.708153,-6.706114,1.846333,
69.651635,-6.514297,1.885802,
69.588435,-6.324547,1.890814,
69.525450,-6.134723,1.891663,
69.465261,-5.944002,1.865339,
69.407568,-5.752504,1.861713,
69.349567,-5.561100,1.872014,
69.288194,-5.370767,1.856510,
69.230807,-5.179179,1.865236,
69.172179,-4.987982,1.886558,
69.110729,-4.797659,1.876315,
69.052374,-4.606366,1.854815,
68.996071,-4.414455,1.857763,
68.935291,-4.223937,1.895461,
68.870707,-4.034653,1.899693,
68.810243,-3.844052,1.854556,
68.755624,-3.651656,1.847399,
68.693963,-3.461416,1.891384,
68.633177,-3.270881,1.873110,
68.575157,-3.079485,1.859963,
68.517566,-2.887957,1.865752,
68.456693,-2.697477,1.850923,
68.402008,-2.505098,1.845011,
68.342463,-2.314190,1.881500,
68.282982,-2.123241,1.868135,
68.224827,-1.931883,1.864949,
68.165950,-1.740747,1.874002,
68.105684,-1.550079,1.848859,
68.049563,-1.358115,1.852962,
67.989596,-1.167333,1.884530,
67.926198,-0.977651,1.900346,
67.860804,-0.788651,1.914852,
67.790073,-0.601588,1.946260,
67.720840,-0.413980,1.916564,
67.652467,-0.226030,1.921850,
67.581542,-0.039074,1.959322,
67.494582,0.140929,2.050109,
67.404899,0.319670,2.049212,
67.315322,0.498464,2.049694,
67.225748,0.677258,2.050176,
67.136177,0.856051,2.050658,
67.046609,1.034845,2.051140,
66.957034,1.213633,2.053341,
66.866665,1.391998,2.063078,
66.765071,1.564192,2.130214,
66.661638,1.735354,2.092095,
66.564152,1.909973,2.070060,
66.471836,2.087290,2.137698,
66.364573,2.256089,2.118470,
66.261935,2.427732,2.098184,
66.157702,2.598335,2.160062,
66.046741,2.764731,2.157315,
65.936181,2.931394,2.155135,
65.825668,3.098088,2.159100,
65.714513,3.264354,2.161079,
65.603699,3.430848,2.160776,
65.492714,3.597228,2.157458,
65.382202,3.763922,2.154234,
65.269754,3.929261,2.198208,
65.147573,4.087552,2.201428,
65.028196,4.248004,2.234060,
64.905913,4.406256,2.206538,
64.789312,4.568733,2.217503,
64.668325,4.727987,2.222224,
64.546287,4.886230,2.282859,
64.414585,5.036737,2.297351,
64.281220,5.185779,2.302732,
64.149957,5.336558,2.230278,
64.024670,5.492210,2.320425,
63.885099,5.635416,2.356194,
63.743677,5.776837,2.356194,
63.602256,5.918259,2.356194,
63.460834,6.059680,2.356194,
63.319413,6.201101,2.356194,
63.177972,6.342503,2.356945,
63.030356,6.477210,2.462399,
62.872426,6.599587,2.434148,
62.723303,6.732856,2.414425,
62.574596,6.866588,2.399342,
62.428491,7.003154,2.381524,
62.286467,7.143957,2.356194,
62.144313,7.284627,2.381101,
61.990723,7.412312,2.511188,
61.836280,7.539217,2.421478,
61.686301,7.671527,2.417641,
61.538537,7.806299,2.382115,
61.394894,7.945440,2.356194,
61.253473,8.086862,2.356194,
61.110747,8.226934,2.394741,
60.957121,8.354691,2.510381,
60.805763,8.485201,2.395160,
60.656336,8.618124,2.426415,
60.504212,8.747950,2.445395,
60.345428,8.869393,2.468779,
60.189012,8.994027,2.475362,
60.030451,9.115881,2.509779,
59.873917,9.240179,2.424777,
59.718386,9.365781,2.507587,
59.557228,9.484221,2.508048,
59.402776,9.611211,2.429550,
59.248961,9.739024,2.477865,
59.088895,9.858844,2.492134,
58.935621,9.987231,2.427756,
58.781992,10.115263,2.454640,
58.624263,10.238219,2.487411,
58.471600,10.367287,2.412218,
58.322129,10.500171,2.418423,
58.171809,10.632095,2.423399,
58.017124,10.758749,2.500257,
57.863341,10.886413,2.403956,
57.714662,11.020183,2.413845,
57.565980,11.153942,2.398368,
57.418227,11.288734,2.405241,
57.262997,11.414614,2.489964,
57.111347,11.544863,2.410016,
56.962380,11.678313,2.412773,
56.812529,11.810765,2.422427,
56.658039,11.937631,2.512146,
56.505032,12.066143,2.395429,
56.356323,12.199873,2.417003,
56.206176,12.331991,2.426941,
56.053564,12.461237,2.449538,
55.897677,12.586297,2.395470,
55.749539,12.720657,2.411366,
55.598333,12.851557,2.444705,
55.442786,12.977219,2.482377,
55.285650,13.100711,2.433027,
55.134844,13.232074,2.421180,
54.983172,13.362420,2.456351,
54.824344,13.483786,2.447261,
54.672669,13.614130,2.445077,
54.518543,13.741572,2.467922,
54.360041,13.863493,2.476430,
54.207379,13.992634,2.470415,
54.049292,14.115119,2.494730,
53.891621,14.238120,2.450412,
53.739239,14.367610,2.453968,
53.582242,14.491491,2.503335,
53.423809,14.613462,2.410593,
53.270926,14.742316,2.471783,
53.111947,14.863649,2.483973,
52.955851,14.988622,2.414198,
52.803413,15.118034,2.480785,
52.644809,15.239858,2.502759,
52.488952,15.364980,2.407810,
52.334272,15.491698,2.472965,
52.174926,15.612557,2.482778,
52.020805,15.739915,2.414198,
51.866495,15.867073,2.481752,
51.707349,15.988188,2.501512,
51.553477,16.115785,2.434108,
51.397018,16.240295,2.497395,
51.237964,16.361536,2.481544,
51.086476,16.491997,2.418678,
50.934662,16.622154,2.453105,
50.777524,16.745820,2.522253,
50.620123,16.868979,2.434964,
50.466156,16.996593,2.468497,
50.307305,17.118071,2.494467,
50.151786,17.243716,2.428363,
49.998489,17.372145,2.454057,
49.839568,17.493493,2.520516,
49.684937,17.620153,2.431686,
49.531590,17.748519,2.457454,
49.374101,17.871765,2.482789,
49.220490,17.999670,2.405544,
49.070650,18.132112,2.442381,
48.916511,18.259537,2.463336,
48.757534,18.380829,2.482974,
48.607704,18.513261,2.427451,
48.453997,18.641184,2.459614,
48.294367,18.761642,2.510179,
48.140360,18.889163,2.429761,
47.990363,19.021451,2.416635,
47.838522,19.151595,2.453162,
47.680127,19.273510,2.444252,
47.529760,19.405362,2.418153,
47.379440,19.537283,2.428900,
47.226338,19.665942,2.517993,
47.070504,19.790962,2.394713,
46.922494,19.925466,2.408552,
46.773318,20.058680,2.398952,
46.626558,20.194545,2.381389,
46.483513,20.334301,2.356194,
46.334979,20.468135,2.497222,
46.179506,20.593678,2.364222,
46.028909,20.725049,2.466428,
45.867811,20.843523,2.529692,
45.702163,20.955465,2.638449,
45.522235,21.042184,2.812242,
45.332553,21.105585,2.824004,
45.139130,21.155986,2.870283,
44.942239,21.186361,3.126255,
44.742246,21.187314,3.141593,
44.542249,21.187015,-3.123682,
44.342690,21.176182,-2.990378,
44.145429,21.144121,-3.070455,
43.948937,21.109884,-2.883692,
43.752668,21.071651,-2.962996,
43.556253,21.034115,-2.921705,
43.360214,20.994736,-2.986665,
43.162168,20.967052,-3.020519,
42.965643,20.930886,-2.912779,
42.769651,20.891324,-2.960838,
42.572638,20.856902,-2.963270,
42.376735,20.816783,-2.958863,
42.179218,20.785669,-3.035693,
41.981941,20.754366,-2.918114,
41.785399,20.717643,-2.985799,
41.587228,20.690837,-3.000023,
41.390815,20.653530,-2.935742,
41.193746,20.619675,-3.023112,
40.995187,20.595739,-2.964844,
40.798895,20.557499,-2.937828,
40.601272,20.526947,-3.020001,
40.402130,20.509378,-3.061172,
40.204726,20.477919,-2.956696,
40.007234,20.446501,-2.992761,
39.808496,20.424731,-3.081130,
39.609405,20.409620,-2.968981,
39.413022,20.371921,-2.979129,
39.215235,20.342482,-3.017063,
39.015824,20.329614,-3.030076,
38.817733,20.302372,-2.987457,
38.620547,20.268962,-2.993799,
38.422282,20.243048,-3.038982,
38.223648,20.223801,-2.973139,
38.027222,20.186354,-2.976828,
37.829304,20.157803,-3.014160,
37.630448,20.138593,-2.967745,
37.434693,20.097793,-2.951336,
37.237380,20.065447,-3.030320,
37.039505,20.037032,-2.941015,
36.843269,19.998429,-2.951824,
36.645244,19.970977,-3.039674,
36.447884,19.939105,-2.962646,
36.250328,19.908233,-3.006159,
36.051598,19.885978,-3.089076,
35.851729,19.880833,-3.138122,
35.651731,19.880027,-3.137197,
35.451733,19.879098,-3.136768,
35.251735,19.878228,-3.139425,
35.051735,19.877946,3.138269,
34.851958,19.884696,3.017316,
34.654223,19.914182,2.960580,
34.458665,19.955849,2.913474,
34.264466,20.003525,2.860948,
34.073157,20.061768,2.831841,
33.885873,20.131713,2.767064,
33.700882,20.207703,2.682100,
33.522767,20.298561,2.629663,
33.351289,20.401385,2.581180,
33.183888,20.510798,2.555244,
33.019863,20.625191,2.491997,
32.861108,20.746830,2.488331,
32.699842,20.865075,2.522982,
32.541199,20.986756,2.461615,
32.390716,21.118479,2.419260,
32.239792,21.249703,2.433997,
32.082843,21.373436,2.536761,
31.929079,21.501136,2.408828,
31.779926,21.634376,2.415264,
31.631306,21.768209,2.405438,
31.477544,21.895889,2.545556,
31.321928,22.021168,2.407687,
31.173098,22.154768,2.413655,
31.024035,22.288111,2.409747,
30.872351,22.418376,2.486983,
30.715374,22.542026,2.419895,
30.566155,22.675184,2.430121,
30.414157,22.805163,2.447033,
30.257941,22.929982,2.487776,
30.104912,23.058560,2.408213,
29.955716,23.191753,2.414127,
29.805834,23.324171,2.423309,
29.652753,23.452802,2.509627,
29.497956,23.579153,2.395842,
29.349552,23.713222,2.416970,
29.199528,23.845479,2.427408,
29.047053,23.974886,2.450850,
28.890287,24.098911,2.420247,
28.742364,24.233506,2.408843,
28.592485,24.365927,2.419992,
28.440067,24.495399,2.460675,
28.282897,24.618959,2.406857,
28.135117,24.753715,2.410333,
27.984588,24.885389,2.428903,
27.829951,25.012165,2.492000,
27.671202,25.133694,2.460743,
27.520652,25.265343,2.413711,
27.370948,25.397964,2.420078,
27.217718,25.526398,2.501490,
27.063259,25.653207,2.400458,
26.913693,25.785960,2.444425,
26.759475,25.913290,2.466184,
26.600901,26.035115,2.477265,
26.451743,26.168271,2.424506,
26.299222,26.297618,2.450335,
26.143011,26.422489,2.475397,
25.988708,26.549511,2.387243,
25.838237,26.681162,2.447664,
25.680154,26.803640,2.507920,
25.521897,26.925825,2.436166,
25.370796,27.056840,2.446940,
25.216328,27.183864,2.470451,
25.058653,27.306877,2.459432,
24.909509,27.440042,2.439915,
24.754571,27.566474,2.470100,
24.595022,27.687049,2.491609,
24.441928,27.815641,2.417908,
24.291806,27.947790,2.420398,
24.138656,28.076379,2.469036,
23.979936,28.197761,2.434304,
23.828049,28.327865,2.454666,
23.672275,28.453274,2.483492,
23.514797,28.576521,2.446767,
23.365518,28.709613,2.411920,
23.215470,28.841844,2.429936,
23.062863,28.971091,2.457035,
22.904507,29.093074,2.441967,
22.754409,29.225231,2.414912,
22.605479,29.358715,2.399796,
22.457268,29.492999,2.411520,
22.301261,29.617898,2.479105,
22.150738,29.749437,2.407806,
22.002011,29.883153,2.412135,
21.853840,30.017478,2.397210,
21.708319,30.154667,2.379979,
21.566842,30.296032,2.356194,
21.425421,30.437454,2.356194,
21.283999,30.578875,2.356194,
21.142578,30.720296,2.356194,
21.001157,30.861718,2.356194,
20.859735,31.003139,2.356194,
20.718314,31.144560,2.356194,
20.576893,31.285982,2.356194,
20.435471,31.427403,2.356194,
20.294050,31.568824,2.356194,
20.152805,31.710418,2.330314,
20.016096,31.856388,2.311427,
19.882548,32.005258,2.294975,
19.749416,32.154508,2.302249,
19.621607,32.308186,2.228926,
19.493750,32.461899,2.296262,
19.361037,32.611522,2.296588,
19.229700,32.762343,2.277531,
19.107448,32.920515,2.194981,
18.983689,33.077592,2.256362,
18.854631,33.230351,2.252200,
18.732787,33.388886,2.187573,
18.614991,33.550485,2.219313,
18.495348,33.710721,2.185843,
18.374620,33.870147,2.228521,
18.252834,34.028789,2.217173,
18.134390,34.189918,2.187637,
18.014680,34.350024,2.238211,
17.895405,34.510534,2.190998,
17.780164,34.673991,2.180324,
17.668146,34.839668,2.150071,
17.557480,35.006257,2.162022,
17.446039,35.172333,2.161842,
17.335027,35.338694,2.154520,
17.224671,35.505492,2.156030,
17.114215,35.672224,2.159415,
17.002868,35.838362,2.162524,
16.892480,36.005134,2.143906,
16.785276,36.173968,2.127530,
16.683513,36.346120,2.090151,
16.580725,36.517655,2.131631,
16.476220,36.688166,2.089491,
16.377152,36.861903,2.099629,
16.272381,37.032245,2.125248,
16.170368,37.204236,2.084827,
16.069959,37.377165,2.132474,
15.964624,37.547175,2.122031,
15.866506,37.721434,2.068473,
15.776157,37.899792,2.053670,
15.685411,38.077942,2.092572,
15.580749,38.248310,2.129383,
15.476664,38.419063,2.096248,
15.380078,38.594152,2.017074,
15.290999,38.773196,2.016845,
15.201868,38.952212,2.016303,
15.112735,39.131225,2.015762,
15.023600,39.310236,2.015220,
14.934679,39.489346,2.009699,
14.845882,39.668513,2.017321,
14.756588,39.847454,2.043621,
14.667954,40.026713,2.051683,
14.578263,40.205423,2.052390,
14.489083,40.384400,2.050935,
14.399839,40.563346,2.051502,
14.315392,40.744622,1.998339,
14.236258,40.928265,1.961881,
14.160269,41.113255,1.981028,
14.076459,41.294803,1.971835,
13.998603,41.479027,1.969268,
13.925673,41.665221,1.931206,
13.854117,41.851980,1.942566,
13.781351,42.038260,1.910143,
13.709325,42.224804,1.953858,
13.635424,42.410647,1.944459,
13.567652,42.598779,1.884495,
13.504579,42.788560,1.916671,
13.434960,42.976049,1.928782,
13.365897,43.163742,1.915102,
13.300675,43.352799,1.896059,
13.243811,43.544542,1.854328,
13.185887,43.735966,1.881274,
13.124955,43.926458,1.881274,
13.065817,44.117495,1.837028,
13.012957,44.310383,1.839456,
12.959856,44.503195,1.871257,
12.898175,44.693427,1.859318,
12.843352,44.885757,1.839984,
12.792018,45.079055,1.828018,
12.742948,45.272932,1.808466,
12.697404,45.467677,1.799993,
12.647607,45.661359,1.816987,
12.598098,45.855133,1.829855,
12.548907,46.048982,1.813072,
12.500605,46.243061,1.816242,
12.459262,46.438696,1.749893,
12.423112,46.635388,1.779506,
12.379792,46.830608,1.755487,
12.344679,47.027495,1.738667,
12.303167,47.223039,1.780524,
12.265663,47.419471,1.745890,
12.227028,47.615668,1.801061,
12.186040,47.811363,1.752691,
12.151460,48.008347,1.750110,
12.110572,48.204085,1.761346,
12.077710,48.401315,1.680389,
12.049016,48.599138,1.771232,
12.010740,48.795437,1.757945,
11.982852,48.993404,1.672232,
11.950063,49.190551,1.767495,
11.916234,49.387618,1.721808,
11.894687,49.586366,1.626892,
11.878303,49.785529,1.694828,
11.846965,49.983057,1.725388,
11.818236,50.180965,1.698116,
11.800527,50.380044,1.576556,
11.790744,50.579607,1.702722,
11.762875,50.777647,1.722496,
11.733682,50.975502,1.711942,
11.713078,51.174332,1.600048,
11.711616,51.374310,1.570796,
11.699884,51.573901,1.653925,
11.679141,51.772803,1.684089,
11.653839,51.971189,1.702914,
11.629428,52.169642,1.649833,
11.621526,52.369408,1.570796,
11.621526,52.569408,1.570796,
11.621526,52.769408,1.570796,
11.617502,52.969303,1.622734,
11.603724,53.168824,1.646597,
11.589287,53.368297,1.628152,
11.579279,53.568035,1.605328,
11.576784,53.767982,1.539125,
11.584539,53.967822,1.517725,
11.596950,54.167427,1.498848,
11.610970,54.366935,1.502419,
11.620843,54.566651,1.554645,
11.621526,54.766648,1.570796,
11.621526,54.966648,1.570796,
11.623894,55.166618,1.546110,
11.642862,55.365615,1.441224,
11.669315,55.563858,1.437085,
11.692483,55.762508,1.456550,
11.708651,55.961826,1.519466,
11.711616,56.161750,1.570796,
11.723199,56.361243,1.472693,
11.750662,56.559330,1.415423,
11.780822,56.757037,1.434162,
11.801706,56.955801,1.570796,
11.809055,57.155472,1.453989,
11.837026,57.353477,1.417926,
11.867207,57.551186,1.419456,
11.889553,57.749880,1.492321,
11.905496,57.949190,1.464722,
11.933375,58.147205,1.378302,
11.972192,58.343401,1.371421,
11.989714,58.542480,1.425976,
12.021243,58.739951,1.392274,
12.057680,58.936599,1.426939,
12.081581,59.135075,1.441459,
12.116023,59.332060,1.386366,
12.149577,59.529201,1.417755,
12.168019,59.728281,1.432085,
12.199255,59.925785,1.391515,
12.238662,60.121828,1.399477,
12.264494,60.320083,1.449844,
12.296352,60.517465,1.353427,
12.335385,60.713516,1.456298,
12.359400,60.911952,1.384089,
12.395600,61.108646,1.394843,
12.425970,61.306291,1.465714,
12.447451,61.505133,1.460185,
12.480479,61.702321,1.364241,
12.519829,61.898311,1.467172,
12.544588,62.096742,1.392127,
12.581863,62.293216,1.359277,
12.614675,62.490353,1.461027,
12.642726,62.688316,1.395154,
12.683293,62.884104,1.370950,
12.710438,63.082064,1.467172,
12.744401,63.279125,1.378709,
12.781906,63.475558,1.419714,
12.808866,63.673712,1.448533,
12.842116,63.870886,1.372741,
12.879413,64.067120,1.509087,
12.896543,64.266300,1.446266,
12.927075,64.463926,1.407223,
12.963392,64.660575,1.408905,
12.988767,64.858934,1.439480,
13.024540,65.055637,1.344327,
13.061688,65.251948,1.461795,
13.088227,65.450109,1.413710,
13.126420,65.646425,1.378093,
13.154626,65.844214,1.499659,
13.186513,66.041589,1.388589,
13.221771,66.238441,1.420722,
13.244898,66.437004,1.496011,
13.271052,66.635129,1.382348,
13.311024,66.831075,1.354803,
13.339221,67.028951,1.441297,
13.369427,67.226610,1.398053,
13.409560,67.422503,1.382077,
13.436351,67.620621,1.453509,
13.467993,67.818040,1.363004,
13.506285,68.014259,1.439795,
13.523811,68.213379,1.424182,
13.556199,68.410711,1.390765,
13.592060,68.607458,1.421284,
13.619306,68.805578,1.445859,
13.652575,69.002748,1.371151,
13.691677,69.198737,1.467172,
13.716190,69.397199,1.399928,
13.753053,69.593729,1.356201,
13.790654,69.790139,1.399089,
13.826280,69.986929,1.348014,
13.868759,70.182297,1.417446,
13.896265,70.380375,1.415599,
13.931452,70.577208,1.372344,
13.971022,70.773161,1.402925,
14.006704,70.969944,1.336574,
14.050622,71.165045,1.362480,
14.085956,71.361897,1.391700,
14.129143,71.557134,1.325701,
14.177299,71.751250,1.331213,
14.228329,71.944603,1.278186,
14.285680,72.136204,1.282114,
14.342962,72.327823,1.307348,
14.395664,72.520748,1.276757,
14.459906,72.710032,1.210135,
14.532412,72.896424,1.194496,
14.602215,73.083830,1.200927,
14.676588,73.269478,1.178649,
14.751719,73.454823,1.214388,
14.823449,73.641499,1.187095,
14.900435,73.826079,1.198186,
14.977184,74.010730,1.160849,
15.064128,74.190756,1.101306,
15.160329,74.366044,1.053920,
15.271631,74.531783,0.931478,
15.398507,74.686213,0.855430,
15.536000,74.831306,0.786758,
15.677580,74.972568,0.782458,
15.825960,75.106510,0.659564,
15.984955,75.227829,0.644581,
16.142635,75.350847,0.666882,
16.302878,75.470443,0.615200,
16.465844,75.586382,0.610145,
16.630392,75.700058,0.598086,
16.794270,75.814684,0.627759,
16.957197,75.930630,0.587844,
17.126870,76.036444,0.547377,
17.296538,76.142324,0.565365,
17.466227,76.248167,0.547885,
17.639445,76.348078,0.509424,
17.816477,76.441052,0.451828,
17.995522,76.530153,0.452312,
18.174569,76.619251,0.452796,
18.354790,76.705947,0.413162,
18.538429,76.785154,0.394369,
18.724504,76.858383,0.357697,
18.911521,76.929267,0.362186,
19.099628,76.997053,0.303618,
19.292144,77.051070,0.258200,
19.484404,77.106102,0.296755,
19.675588,77.164825,0.301377,
19.867896,77.219470,0.194211,
20.064454,77.256386,0.179145,
20.260270,77.296673,0.237690,
20.454744,77.343361,0.232537,
20.648663,77.392171,0.238506,
20.841356,77.445135,0.343470,
21.025537,77.522816,0.429140,
21.204278,77.612525,0.502129,
21.363502,77.732071,0.756102,
21.519983,77.856336,0.670994,
21.654464,78.002107,1.037612,
21.756730,78.173815,0.979846,
21.842607,78.353475,1.254746,
21.891352,78.547053,1.407982,
21.932152,78.742645,1.411511,
21.936831,78.942438,1.570796,
21.936831,79.142438,1.570796,
21.932316,79.342330,1.627179,
21.905985,79.540356,1.760077,
21.889283,79.739337,1.664916,
21.849435,79.935081,1.810731,
21.811601,80.131445,1.742468,
21.772976,80.327585,1.790459,
21.733401,80.523589,1.749893,
21.696538,80.720143,1.775091,
21.646746,80.913804,1.813381,
21.598051,81.107785,1.820202,
21.550918,81.302145,1.803624,
21.502458,81.496175,1.800197,
21.459582,81.691501,1.769634,
21.419833,81.887498,1.788659,
21.376174,82.082674,1.782278,
21.332341,82.277778,1.836966,
21.283021,82.471597,1.819361,
21.231792,82.664915,1.839576,
21.183531,82.859002,1.813635,
21.136915,83.053492,1.799975,
21.098008,83.249613,1.741060,
21.060157,83.445894,1.847553,
21.010047,83.639496,1.817425,
20.960931,83.833371,1.821962,
20.914785,84.027964,1.797263,
20.868649,84.222566,1.794201,
20.824818,84.417703,1.789352,
20.778394,84.612209,1.828739,
20.739869,84.808444,1.769893,
20.694735,85.003227,1.814941,
20.646984,85.197442,1.805806,
20.599454,85.391710,1.814832,
20.558039,85.587341,1.743762,
20.521228,85.783832,1.818928,
20.473139,85.977961,1.804173,
20.426111,86.172351,1.813274,
20.382729,86.367568,1.780579,
20.347537,86.564425,1.795370,
20.304539,86.759716,1.749893,
20.269886,86.956688,1.760187,
20.223169,87.151009,1.817145,
20.174761,87.345060,1.807055,
20.129030,87.539741,1.752192,
20.094083,87.736660,1.738667,
20.053620,87.932450,1.807793,
20.013718,88.128396,1.745890,
19.976273,88.324797,1.794339,
19.935433,88.520529,1.749893,
19.900357,88.717421,1.760104,
19.856532,88.912514,1.784375,
19.813467,89.107821,1.797576,
19.770294,89.303031,1.749520,
19.735263,89.499938,1.755225,
19.692888,89.695337,1.777132,
19.655147,89.891726,1.749893,
19.615790,90.087741,1.829737,
19.575838,90.283625,1.760837,
19.531500,90.478629,1.814726,
19.487264,90.673644,1.779199,
19.451834,90.870463,1.739232,
19.408269,91.065634,1.749893,
19.373252,91.262543,1.741998,
19.330563,91.457825,1.767400,
19.293740,91.654397,1.748034,
19.254629,91.850475,1.796038,
19.211002,92.045656,1.784172,
19.166358,92.240576,1.827502,
19.126256,92.436445,1.750423,
19.087177,92.632558,1.792741,
19.045376,92.828086,1.746766,
19.009432,93.024823,1.767343,
18.964912,93.219731,1.780315,
18.926954,93.416091,1.764186,
18.882633,93.611101,1.795617,
18.843235,93.807144,1.748969,
18.804117,94.003218,1.831756,
18.762648,94.198767,1.750109,
18.726325,94.395426,1.798472,
18.682659,94.590588,1.749783,
18.647403,94.787456,1.745849,
18.603900,94.982635,1.808430,
18.567286,95.179230,1.738375,
18.528048,95.375223,1.784235,
18.489058,95.571356,1.749893,
18.451896,95.767849,1.779330,
18.407966,95.962948,1.779002,
18.365508,96.158381,1.805473,
18.324183,96.353994,1.745890,
18.287578,96.550603,1.775035,
18.243705,96.745668,1.769964,
18.203909,96.941659,1.780539,
18.157525,97.136190,1.791548,
18.119960,97.332596,1.745890,
18.080963,97.528721,1.805573,
18.039855,97.724389,1.756235,
18.005464,97.921403,1.814991,
17.961878,98.116550,1.749893,
17.926615,98.313416,1.745890,
17.883373,98.508665,1.802013,
17.847079,98.705319,1.738667,
17.806934,98.901118,1.819760,
17.763857,99.096421,1.784874,
17.718744,99.291244,1.819953,
17.679310,99.487294,1.783092,
17.633393,99.681921,1.817858,
17.592711,99.877699,1.749893,
17.556273,100.074333,1.781326,
17.513247,100.269617,1.754046,
17.478378,100.466548,1.749579,
17.433273,100.661232,1.818730,
17.384061,100.855082,1.836220,
17.333609,101.048601,1.813072,
17.285252,101.242666,1.818730,
17.237555,101.436892,1.800888,
17.191200,101.631432,1.837863,
17.141148,101.825055,1.830557,
17.084171,102.016744,1.864949,
17.025963,102.208086,1.868135,
16.973920,102.401131,1.819729,
16.916431,102.592607,1.891840,
16.853813,102.782551,1.889283,
16.790492,102.972252,1.911966,
16.716897,103.158181,1.951412,
16.646036,103.345159,1.909287,
16.572831,103.531266,1.956618,
16.497673,103.716605,1.949270,
16.422228,103.901620,2.036618,
16.334815,104.081490,2.012206,
16.254540,104.264655,1.960587,
16.180378,104.450381,1.935023,
16.101532,104.634034,2.056574,
16.011343,104.812510,2.050206,
15.921838,104.991338,2.014536,
15.829031,105.168406,2.084177,
15.724169,105.338703,2.119181,
15.623015,105.511217,2.070060,
15.530703,105.688585,2.049245,
15.429579,105.860977,2.138432,
15.324108,106.030895,2.118150,
15.223938,106.203994,2.088861,
15.114149,106.371142,2.161598,
15.002972,106.537394,2.157408,
14.892462,106.704090,2.156185,
14.781870,106.870731,2.157233,
14.671181,107.037295,2.204824,
14.550371,107.196672,2.223985,
14.432193,107.358002,2.212706,
14.309733,107.516101,2.247515,
14.189517,107.675932,2.217161,
14.063395,107.831123,2.279918,
13.930374,107.980438,2.297932,
13.806447,108.137289,2.265723,
13.673618,108.286790,2.310171,
13.539594,108.435235,2.298400,
13.406186,108.584238,2.303611,
13.269219,108.729926,2.313408,
13.141336,108.883606,2.271551,
13.008553,109.033096,2.346571,
12.867802,109.175182,2.356194,
12.724593,109.314759,2.387074,
12.572884,109.444991,2.461475,
12.422036,109.576243,2.359830,
12.278328,109.715290,2.396541,
12.129126,109.848473,2.417888,
11.980244,109.982008,2.401215,
11.832884,110.117230,2.415280,
11.678848,110.244616,2.496237,
11.526477,110.374035,2.415751,
11.374443,110.503934,2.450305,
11.216451,110.626464,2.525715,
11.057337,110.747576,2.480034,
10.897244,110.867413,2.510964,
10.737872,110.988197,2.464874,
10.575029,111.104112,2.554602,
10.408458,111.214810,2.555485,
10.241042,111.324226,2.563337,
10.073911,111.434077,2.558974,
9.907626,111.545203,2.550942,
9.741677,111.656832,2.547079,
9.575637,111.768323,2.553857,
9.408962,111.878864,2.555931,
9.238221,111.982841,2.641093,
9.063101,112.079445,2.633557,
8.889969,112.179534,2.593627,
8.719498,112.283931,2.651192,
8.541073,112.374257,2.686081,
8.362011,112.463337,2.685700,
8.182942,112.552407,2.685001,
8.003955,112.641643,2.683089,
7.825114,112.731169,2.681194,
7.646346,112.820844,2.680315,
7.467577,112.910516,2.679924,
7.288701,112.999975,2.680171,
7.105781,113.080619,2.754613,
6.920042,113.154775,2.735076,
6.736951,113.235239,2.716765,
6.552143,113.311252,2.824004,
6.365431,113.382881,2.780355,
6.176840,113.449389,2.818795,
5.987449,113.513659,2.816380,
5.797989,113.577730,2.815636,
5.608126,113.640584,2.831115,
5.417898,113.702333,2.821530,
5.228182,113.765615,2.855560,
5.035987,113.820930,2.869150,
4.844705,113.879188,2.817866,
4.653369,113.937270,2.899317,
4.459152,113.985017,2.902009,
4.264186,114.029208,2.966499,
4.067409,114.064944,2.940556,
3.872273,114.108405,2.953721,
3.675347,114.143301,2.962496,
3.479740,114.184755,2.917790,
3.282875,114.219525,2.958211,
3.086547,114.257636,2.941441,
2.889284,114.290058,3.033764,
2.689891,114.301812,3.020224,
2.492295,114.332511,2.971714,
2.294908,114.364631,2.999563,
2.095999,114.383453,3.128993,
1.896062,114.387439,3.095579,
1.697410,114.409742,3.021651,
1.498500,114.430327,3.054971,
1.299042,114.444985,3.071258,
1.099642,114.460454,3.063907,
0.900080,114.473586,3.088776,
0.700131,114.475509,3.141593,
0.500131,114.475509,3.141593,
0.300131,114.475509,3.141593,
0.100131,114.475755,3.138683,
-0.099417,114.487617,3.043655,
-0.297876,114.511953,3.042084,
-0.497597,114.520389,3.138002,
-0.697597,114.520554,3.141593,
-0.897522,114.525074,3.108218,
-1.097174,114.536761,3.065066,
-1.296598,114.551919,3.069651,
-1.496175,114.564808,3.086932,
-1.696160,114.565599,3.141593,
-1.895993,114.570821,3.053359,
-2.094687,114.593172,3.007385,
-2.292520,114.622487,2.988951,
-2.490702,114.649182,3.053647,
-2.690085,114.664383,3.041729,
-2.888289,114.690712,2.992338,
-3.084321,114.730231,2.927603,
-3.279711,114.772922,2.927172,
-3.473818,114.820956,2.856980,
-3.665591,114.877719,2.845948,
-3.856329,114.937845,2.825780,
-4.045378,115.003087,2.802908,
-4.231222,115.076928,2.734934,
-4.414019,115.158049,2.712917,
-4.592928,115.247373,2.689982,
-4.771678,115.337038,2.692570,
-4.950514,115.426530,2.691565,
-5.126393,115.521662,2.622168,
-5.298288,115.623856,2.592960,
-5.468863,115.728223,2.622901,
-5.645891,115.821034,2.651697,
-5.824652,115.910629,2.659177,
-6.003680,115.999709,2.660174,
-6.182796,116.088618,2.662508,
-6.362020,116.177322,2.663763,
-6.540711,116.267051,2.640691,
-6.715107,116.364941,2.621977,
-6.885594,116.469485,2.580646,
-7.057589,116.571445,2.638449,
-7.236400,116.660860,2.698625,
-7.413224,116.754173,2.632559,
-7.586426,116.854104,2.592262,
-7.756561,116.959240,2.584749,
-7.928805,117.060874,2.596021,
-8.097756,117.167848,2.561090,
-8.264661,117.278041,2.553443,
-8.428540,117.392632,2.505556,
-8.589067,117.511924,2.499403,
-8.750625,117.629811,2.520007,
-8.909447,117.751245,2.429494,
-9.060180,117.882692,2.417454,
-9.210261,118.014887,2.421109,
-9.363623,118.143180,2.489514,
-9.517861,118.270316,2.404643,
-9.666281,118.404365,2.391479,
-9.811828,118.541513,2.356194,
-9.952629,118.683533,2.321077,
-10.088659,118.830142,2.301087,
-10.223245,118.978071,2.342275,
-10.353968,119.129243,2.235297,
-10.489956,119.275157,2.424362,
-10.646339,119.399339,2.399829,
-10.812210,119.509462,2.691386,
-10.998348,119.581981,2.824004,
-11.193902,119.622211,2.904982,
-11.386835,119.655684,3.084982,
